file,function,queryType,model,endpoint
"middleware/workspacePermissions.ts","loadMembershipAccess","findUnique","workspaceMembership","(service/worker — no direct HTTP)"
"middleware/workspaceScope.ts","requireWritableSubscription","findUnique","workspace","(companyAuth)"
"modules/ai-agent/cache.service.ts","(module)","findUnique","cachedResponse","(service/worker — no direct HTTP)"
"modules/ai-agent/cache.service.ts","(module)","update","cachedResponse","(service/worker — no direct HTTP)"
"modules/ai-agent/cache.service.ts","(module)","upsert","cachedResponse","(service/worker — no direct HTTP)"
"modules/ai-agent/context-builder.service.ts","(module)","findFirst","aiAgent","(service/worker — no direct HTTP)"
"modules/ai-agent/conversation.service.ts","(module)","findFirst","agentChatConversation","(service/worker — no direct HTTP)"
"modules/ai-agent/conversation.service.ts","(module)","create","agentChatConversation","(service/worker — no direct HTTP)"
"modules/ai-agent/conversation.service.ts","(module)","update","agentChatConversation","(service/worker — no direct HTTP)"
"modules/ai-agent/conversation.service.ts","(module)","create","agentChatMessage","(service/worker — no direct HTTP)"
"modules/ai-agent/hybrid/handle-ai-agent-query.ts","handleAIAgentQuery","findFirst","aiAgent","(service/worker — no direct HTTP)"
"modules/ai-agent/idle-timeout.service.ts","(module)","findUnique","agentChatConversation","(service/worker — no direct HTTP)"
"modules/ai-agent/idle-timeout.service.ts","(module)","update","agentChatConversation","(service/worker — no direct HTTP)"
"modules/ai-agent/idle-timeout.service.ts","(module)","update","agentChatConversation","(service/worker — no direct HTTP)"
"modules/ai-agent/idle-timeout.service.ts","(module)","update","agentChatConversation","(service/worker — no direct HTTP)"
"modules/ai-agent/idle-timeout.service.ts","(module)","findMany","agentChatConversation","(service/worker — no direct HTTP)"
"modules/ai-agent/services/ai-provider-config.service.ts","defaultRow","findUnique","workspaceAiProviderConfig","(service/worker — no direct HTTP)"
"modules/ai-agent/services/ai-provider-config.service.ts","defaultRow","create","workspaceAiProviderConfig","(service/worker — no direct HTTP)"
"modules/ai-agent/services/ai-provider-config.service.ts","(module)","update","workspaceAiProviderConfig","(service/worker — no direct HTTP)"
"modules/ai-agent/services/ai-provider-config.service.ts","(module)","update","workspaceAiProviderConfig","(service/worker — no direct HTTP)"
"modules/ai-agent/services/ai-provider-config.service.ts","(module)","update","workspaceAiProviderConfig","(service/worker — no direct HTTP)"
"modules/ai-agent/token-tracker.service.ts","(module)","findUnique","workspace","(service/worker — no direct HTTP)"
"modules/ai-agent/token-tracker.service.ts","(module)","findUnique","workspaceAiProviderConfig","(service/worker — no direct HTTP)"
"modules/ai-agent/token-tracker.service.ts","(module)","findUnique","workspaceUsageLimits","(service/worker — no direct HTTP)"
"modules/ai-agent/token-tracker.service.ts","(module)","aggregate","tokenUsageLog","(service/worker — no direct HTTP)"
"modules/ai-knowledge/repositories/ai-knowledge.repository.ts","(module)","upsert","aiKnowledgeConfig","(service/worker — no direct HTTP)"
"modules/ai-knowledge/repositories/ai-knowledge.repository.ts","(module)","findUnique","aiKnowledgeConfig","(service/worker — no direct HTTP)"
"modules/ai-knowledge/repositories/ai-knowledge.repository.ts","(module)","upsert","aiKnowledge","(service/worker — no direct HTTP)"
"modules/ai-knowledge/repositories/ai-knowledge.repository.ts","(module)","update","aiKnowledge","(service/worker — no direct HTTP)"
"modules/ai-knowledge/repositories/ai-knowledge.repository.ts","(module)","update","aiKnowledge","(service/worker — no direct HTTP)"
"modules/ai-knowledge/repositories/ai-knowledge.repository.ts","(module)","upsert","aiKnowledge","(service/worker — no direct HTTP)"
"modules/ai-knowledge/repositories/ai-knowledge.repository.ts","(module)","upsert","aiKnowledge","(service/worker — no direct HTTP)"
"modules/ai-knowledge/repositories/ai-knowledge.repository.ts","(module)","findUnique","aiKnowledge","(service/worker — no direct HTTP)"
"modules/ai-knowledge/repositories/ai-knowledge.repository.ts","(module)","findFirst","aiKnowledge","(service/worker — no direct HTTP)"
"modules/billing/billing.service.ts","parseFeatureLimit","findMany","subscriptionPlan","/api/billing/*"
"modules/billing/billing.service.ts","parseFeatureLimit","findUnique","workspace","/api/billing/*"
"modules/billing/billing.service.ts","parseFeatureLimit","findFirst","billingSubscription","/api/billing/*"
"modules/billing/billing.service.ts","parseFeatureLimit","findMany","billingInvoice","/api/billing/*"
"modules/billing/billing.service.ts","parseFeatureLimit","findMany","billingAddOnPurchase","/api/billing/*"
"modules/billing/billing.service.ts","(module)","count","contact","/api/billing/*"
"modules/billing/billing.service.ts","(module)","count","workspaceMembership","/api/billing/*"
"modules/billing/billing.service.ts","(module)","count","aiAgent","/api/billing/*"
"modules/billing/billing.service.ts","(module)","count","campaign","/api/billing/*"
"modules/billing/billing.service.ts","(module)","count","emailLog","/api/billing/*"
"modules/billing/billing.service.ts","(module)","findUnique","workspace","/api/billing/*"
"modules/billing/billing.service.ts","(module)","count","whatsAppPhoneAccount","/api/billing/*"
"modules/billing/billing.service.ts","(module)","count","instagramAccount","/api/billing/*"
"modules/billing/billing.service.ts","(module)","count","messengerAccount","/api/billing/*"
"modules/billing/billing.service.ts","toSnapshotItem","findMany","whatsAppPhoneAccount","/api/billing/*"
"modules/billing/billing.service.ts","toSnapshotItem","findMany","instagramAccount","/api/billing/*"
"modules/billing/billing.service.ts","toSnapshotItem","findMany","messengerAccount","/api/billing/*"
"modules/billing/billing.service.ts","toSnapshotItem","findUnique","workspace","/api/billing/*"
"modules/billing/billing.service.ts","(module)","findMany","billingInvoice","/api/billing/*"
"modules/billing/billing.service.ts","(module)","findMany","billingAddOnPurchase","/api/billing/*"
"modules/billing/billing.service.ts","(module)","findUnique","workspace","/api/billing/*"
"modules/billing/billing.service.ts","(module)","create","billingInvoice","/api/billing/*"
"modules/billing/billing.service.ts","(module)","create","billingAddOnPurchase","/api/billing/*"
"modules/billing/billing.service.ts","(module)","findFirst","billingInvoice","/api/billing/*"
"modules/billing/billing.service.ts","(module)","$transaction","$transaction","/api/billing/*"
"modules/billing/billing.service.ts","(module)","update","billingInvoice","/api/billing/*"
"modules/billing/billing.service.ts","(module)","findFirst","billingAddOnPurchase","/api/billing/*"
"modules/billing/billing.service.ts","(module)","update","billingAddOnPurchase","/api/billing/*"
"modules/billing/billing.service.ts","(module)","findUnique","workspace","/api/billing/*"
"modules/billing/billing.service.ts","(module)","update","workspace","/api/billing/*"
"modules/billing/billing.service.ts","(module)","create","billingInvoice","/api/billing/*"
"modules/billing/billing.service.ts","(module)","findFirst","billingInvoice","/api/billing/*"
"modules/billing/billing.service.ts","(module)","findFirst","subscriptionPlan","/api/billing/*"
"modules/billing/billing.service.ts","(module)","findFirst","subscriptionPlan","/api/billing/*"
"modules/billing/billing.service.ts","(module)","findUnique","workspace","/api/billing/*"
"modules/billing/billing.service.ts","(module)","create","billingSubscription","/api/billing/*"
"modules/billing/billing.service.ts","(module)","create","billingInvoice","/api/billing/*"
"modules/billing/billing.service.ts","meta","findUnique","subscriptionPlan","/api/billing/*"
"modules/billing/billing.service.ts","meta","create","billingSubscription","/api/billing/*"
"modules/billing/billing.service.ts","meta","update","workspace","/api/billing/*"
"modules/billing/billing.service.ts","meta","findFirst","billingSubscription","/api/billing/*"
"modules/billing/billing.service.ts","meta","$transaction","$transaction","/api/billing/*"
"modules/billing/billing.service.ts","meta","update","billingSubscription","/api/billing/*"
"modules/billing/billing.service.ts","meta","create","billingInvoice","/api/billing/*"
"modules/billing/billing.service.ts","(module)","update","workspace","/api/billing/*"
"modules/billing/billing.service.ts","(module)","findFirst","billingSubscription","/api/billing/*"
"modules/billing/billing.service.ts","(module)","findUnique","workspace","/api/billing/*"
"modules/billing/billing.service.ts","(module)","update","workspace","/api/billing/*"
"modules/billing/billing.service.ts","(module)","update","billingSubscription","/api/billing/*"
"modules/billing/billing.service.ts","(module)","update","workspace","/api/billing/*"
"modules/billing/billing.service.ts","(module)","update","billingSubscription","/api/billing/*"
"modules/billing/billing.service.ts","(module)","update","workspace","/api/billing/*"
"modules/billing/billing.service.ts","(module)","update","billingSubscription","/api/billing/*"
"modules/billing/billing.service.ts","(module)","findFirst","billingSubscription","/api/billing/*"
"modules/billing/billing.service.ts","(module)","update","billingSubscription","/api/billing/*"
"modules/billing/billing.service.ts","(module)","update","workspace","/api/billing/*"
"modules/billing/billing.service.ts","(module)","findFirst","billingInvoice","/api/billing/*"
"modules/billing/billing.service.ts","(module)","update","billingInvoice","/api/billing/*"
"modules/billing/billing.service.ts","(module)","findFirst","billingInvoice","/api/billing/*"
"modules/billing/billing.service.ts","(module)","$transaction","$transaction","/api/billing/*"
"modules/billing/billing.service.ts","(module)","update","billingInvoice","/api/billing/*"
"modules/billing/billing.service.ts","(module)","findFirst","billingAddOnPurchase","/api/billing/*"
"modules/billing/billing.service.ts","(module)","update","billingAddOnPurchase","/api/billing/*"
"modules/billing/billing.service.ts","(module)","findUnique","workspace","/api/billing/*"
"modules/billing/billing.service.ts","(module)","update","workspace","/api/billing/*"
"modules/billing/billing.service.ts","(module)","update","workspaceWallet","/api/billing/*"
"modules/billing/billing.service.ts","(module)","updateMany","billingInvoice","/api/billing/*"
"modules/billing/billing.service.ts","(module)","updateMany","billingAddOnPurchase","/api/billing/*"
"modules/billing/billing.service.ts","(module)","findFirst","billingSubscription","/api/billing/*"
"modules/billing/billing.service.ts","(module)","update","billingSubscription","/api/billing/*"
"modules/billing/billing.service.ts","(module)","update","workspace","/api/billing/*"
"modules/billing/billing.service.ts","(module)","update","workspace","/api/billing/*"
"modules/billing/billing.service.ts","(module)","update","workspace","/api/billing/*"
"modules/billing/billing.service.ts","(module)","findFirst","billingSubscription","/api/billing/*"
"modules/billing/billing.service.ts","(module)","findFirst","billingInvoice","/api/billing/*"
"modules/billing/billing.service.ts","(module)","$transaction","$transaction","/api/billing/*"
"modules/billing/billing.service.ts","(module)","create","billingInvoice","/api/billing/*"
"modules/billing/billing.service.ts","(module)","update","workspace","/api/billing/*"
"modules/billing/billing.service.ts","(module)","findFirst","billingSubscription","/api/billing/*"
"modules/billing/billing.service.ts","(module)","upsert","billingInvoice","/api/billing/*"
"modules/billing/billing.service.ts","(module)","findFirst","billingSubscription","/api/billing/*"
"modules/billing/billing.service.ts","json","findUnique","workspaceUsageLimits","/api/billing/*"
"modules/billing/billing.service.ts","json","create","workspaceUsageLimits","/api/billing/*"
"modules/billing/billing.service.ts","json","update","workspaceUsageLimits","/api/billing/*"
"modules/billing/billing.service.ts","json","upsert","workspaceUsageLimits","/api/billing/*"
"modules/billing/billing.service.ts","(module)","upsert","workspaceUsageLimits","/api/billing/*"
"modules/calling/call-transcript.service.ts","saveCallTranscriptFromExternal","findUnique","callSession","(service/worker — no direct HTTP)"
"modules/calling/call-transcript.service.ts","saveCallTranscriptFromExternal","update","callSession","(service/worker — no direct HTTP)"
"modules/calling/call-transcript.service.ts","emitLiveTranscriptChunk","findUnique","callSession","(service/worker — no direct HTTP)"
"modules/calling/call-transcript.service.ts","transcribeCallRecording","findUnique","callSession","(service/worker — no direct HTTP)"
"modules/calling/call-transcript.service.ts","transcribeCallRecording","update","callSession","(service/worker — no direct HTTP)"
"modules/calling/call-transcript.service.ts","transcribeCallRecording","update","callSession","(service/worker — no direct HTTP)"
"modules/calling/call-transcript.service.ts","text","update","callSession","(service/worker — no direct HTTP)"
"modules/calling/call-transcript.service.ts","text","update","callSession","(service/worker — no direct HTTP)"
"modules/calling/call-transcript.service.ts","text","update","callSession","(service/worker — no direct HTTP)"
"modules/calling/call-transcript.service.ts","getCallTranscript","findFirst","callSession","(service/worker — no direct HTTP)"
"modules/calling/calling.routes.ts","POST /calls/:callId/transcribe","update","callSession","(service/worker — no direct HTTP)"
"modules/calling/calling.service.ts","allocateGuestShortCode","findUnique","callSession","/api/calls*"
"modules/calling/calling.service.ts","resolveCallPresentation","findFirst","conversation","/api/calls*"
"modules/calling/calling.service.ts","resolveCallPresentation","findFirst","contact","/api/calls*"
"modules/calling/calling.service.ts","resolveCallPresentation","findFirst","user","/api/calls*"
"modules/calling/calling.service.ts","resolveCallPresentation","findFirst","aiAgent","/api/calls*"
"modules/calling/calling.service.ts","transitionCall","update","callSession","/api/calls*"
"modules/calling/calling.service.ts","createAndRingCall","findFirst","conversation","/api/calls*"
"modules/calling/calling.service.ts","createAndRingCall","findMany","callSession","/api/calls*"
"modules/calling/calling.service.ts","createAndRingCall","create","callSession","/api/calls*"
"modules/calling/calling.service.ts","createAndRingCall","update","callSession","/api/calls*"
"modules/calling/calling.service.ts","(module)","createMany","callParticipant","/api/calls*"
"modules/calling/calling.service.ts","(module)","updateMany","callSession","/api/calls*"
"modules/calling/calling.service.ts","(module)","update","callSession","/api/calls*"
"modules/calling/calling.service.ts","(module)","update","callSession","/api/calls*"
"modules/calling/calling.service.ts","(module)","update","callSession","/api/calls*"
"modules/calling/calling.service.ts","getCallForWorkspace","findFirst","callSession","/api/calls*"
"modules/calling/calling.service.ts","listCallsForWorkspace","findMany","callSession","/api/calls*"
"modules/calling/calling.service.ts","fresh","findUnique","callSession","/api/calls*"
"modules/calling/calling.service.ts","finalizeRecordingForCall","update","callSession","/api/calls*"
"modules/calling/calling.service.ts","finalizeRecordingForCall","update","callSession","/api/calls*"
"modules/calling/calling.service.ts","completeRecordingJob","update","callSession","/api/calls*"
"modules/calling/calling.service.ts","completeRecordingJob","update","callSession","/api/calls*"
"modules/calling/calling.service.ts","completeRecordingJob","update","callSession","/api/calls*"
"modules/calling/calling.service.ts","acceptCall","updateMany","callSession","/api/calls*"
"modules/calling/calling.service.ts","acceptCall","update","callSession","/api/calls*"
"modules/calling/calling.service.ts","acceptCall","upsert","callParticipant","/api/calls*"
"modules/calling/calling.service.ts","declineCall","update","callSession","/api/calls*"
"modules/calling/calling.service.ts","takeOverCall","update","callSession","/api/calls*"
"modules/calling/calling.service.ts","getGuestCallSession","findFirst","callSession","/api/calls*"
"modules/calling/calling.service.ts","markGuestCallConnected","findFirst","callSession","/api/calls*"
"modules/calling/calling.service.ts","markGuestCallConnected","update","callSession","/api/calls*"
"modules/calling/calling.service.ts","markGuestCallConnected","update","callSession","/api/calls*"
"modules/calling/calling.service.ts","markGuestCallConnected","update","callSession","/api/calls*"
"modules/calling/calling.service.ts","markGuestCallConnected","update","callSession","/api/calls*"
"modules/calling/calling.service.ts","mintGuestCallToken","findFirst","callSession","/api/calls*"
"modules/calling/calling.service.ts","mintGuestCallToken","update","callSession","/api/calls*"
"modules/calling/calling.service.ts","endCallAsGuest","findFirst","callSession","/api/calls*"
"modules/calling/calling.service.ts","getOrRefreshGuestUrl","update","callSession","/api/calls*"
"modules/calling/calling.service.ts","sendGuestCallLinkToConversation","findFirst","conversation","/api/calls*"
"modules/calling/calling.service.ts","sendGuestCallLinkToConversation","findUnique","user","/api/calls*"
"modules/calling/calling.service.ts","sendGuestCallLinkToConversation","create","message","/api/calls*"
"modules/calling/calling.service.ts","sendGuestCallLinkToConversation","updateMany","conversation","/api/calls*"
"modules/calling/calling.service.ts","resendGuestCallLink","update","callSession","/api/calls*"
"modules/calling/calling.service.ts","saveCallAnalytics","update","callSession","/api/calls*"
"modules/calling/calling.service.ts","uploadManualCallRecording","findFirst","conversation","/api/calls*"
"modules/calling/calling.service.ts","ext","create","callSession","/api/calls*"
"modules/calling/calling.service.ts","ext","update","callSession","/api/calls*"
"modules/calling/calling.service.ts","deleteCallRecording","update","callSession","/api/calls*"
"modules/calling/calling.service.ts","resolveGuestShortCode","findFirst","callSession","/api/calls*"
"modules/calling/calling.service.ts","expireStaleCallsForWorkspace","findMany","callSession","/api/calls*"
"modules/calling/calling.service.ts","expireStaleCallsForWorkspace","findMany","callSession","/api/calls*"
"modules/calling/calling.service.ts","expireStaleCallsForWorkspace","findMany","callSession","/api/calls*"
"modules/calling/calling.service.ts","expireStaleCallsForWorkspace","findMany","callSession","/api/calls*"
"modules/calling/voice-agent-trigger.service.ts","findVoiceAgentForConversation","findFirst","aiAgent","(service/worker — no direct HTTP)"
"modules/calling/voice-agent-trigger.service.ts","maybeStartVoiceAgentForCall","update","callSession","(service/worker — no direct HTTP)"
"modules/calling/voice-agent-trigger.service.ts","maybeStartVoiceAgentForCall","update","callSession","(service/worker — no direct HTTP)"
"modules/calling/voice-agent-trigger.service.ts","maybeStartVoiceAgentForCall","update","callSession","(service/worker — no direct HTTP)"
"modules/calling/voice-agent-trigger.service.ts","maybeStartVoiceAgentForCall","update","callSession","(service/worker — no direct HTTP)"
"modules/contact-insight/contact-insight.context.ts","buildInsightContext","findFirst","contact","(service/worker — no direct HTTP)"
"modules/contact-insight/contact-insight.context.ts","buildInsightContext","findMany","conversation","(service/worker — no direct HTTP)"
"modules/contact-insight/contact-insight.context.ts","buildInsightContext","findMany","message","(service/worker — no direct HTTP)"
"modules/contact-insight/contact-insight.context.ts","text","findMany","callSession","(service/worker — no direct HTTP)"
"modules/contact-insight/contact-insight.service.ts","latestInsightAt","findFirst","contactInsight","(service/worker — no direct HTTP)"
"modules/contact-insight/contact-insight.service.ts","computeContactInsight","findFirst","contact","(service/worker — no direct HTTP)"
"modules/contact-insight/contact-insight.service.ts","computeContactInsight","create","contactInsight","(service/worker — no direct HTTP)"
"modules/contact-insight/contact-insight.service.ts","getLatestContactInsight","findFirst","contactInsight","(service/worker — no direct HTTP)"
"modules/contact-insight/contact-insight.service.ts","findContactsNeedingInsight","findMany","conversation","(service/worker — no direct HTTP)"
"modules/contact-insight/contact-insight.service.ts","findContactsNeedingInsight","findMany","callSession","(service/worker — no direct HTTP)"
"modules/contact-insight/contact-insight.tags.ts","applyInsightTags","findFirst","contact","(service/worker — no direct HTTP)"
"modules/contact-insight/contact-insight.tags.ts","applyInsightTags","update","contact","(service/worker — no direct HTTP)"
"modules/developers/repositories/developers.repository.ts","randomToken","findUnique","developerIncomingWebhook","(service/worker — no direct HTTP)"
"modules/developers/repositories/developers.repository.ts","randomToken","create","developerIncomingWebhook","(service/worker — no direct HTTP)"
"modules/developers/repositories/developers.repository.ts","randomToken","update","developerIncomingWebhook","(service/worker — no direct HTTP)"
"modules/developers/repositories/developers.repository.ts","randomToken","findUnique","developerIncomingWebhook","(service/worker — no direct HTTP)"
"modules/developers/repositories/developers.repository.ts","randomToken","update","developerIncomingWebhook","(service/worker — no direct HTTP)"
"modules/developers/repositories/developers.repository.ts","randomToken","findMany","developerOutgoingWebhook","(service/worker — no direct HTTP)"
"modules/developers/repositories/developers.repository.ts","randomToken","create","developerOutgoingWebhook","(service/worker — no direct HTTP)"
"modules/developers/repositories/developers.repository.ts","randomToken","findFirst","developerOutgoingWebhook","(service/worker — no direct HTTP)"
"modules/developers/repositories/developers.repository.ts","randomToken","update","developerOutgoingWebhook","(service/worker — no direct HTTP)"
"modules/developers/repositories/developers.repository.ts","randomToken","findFirst","developerOutgoingWebhook","(service/worker — no direct HTTP)"
"modules/developers/repositories/developers.repository.ts","(module)","delete","developerOutgoingWebhook","(service/worker — no direct HTTP)"
"modules/developers/repositories/developers.repository.ts","(module)","findMany","developerOutgoingWebhook","(service/worker — no direct HTTP)"
"modules/developers/repositories/developers.repository.ts","(module)","create","developerWebhookLog","(service/worker — no direct HTTP)"
"modules/developers/repositories/developers.repository.ts","(module)","findMany","developerWebhookLog","(service/worker — no direct HTTP)"
"modules/developers/repositories/developers.repository.ts","(module)","findMany","developerAction","(service/worker — no direct HTTP)"
"modules/developers/repositories/developers.repository.ts","(module)","createMany","developerAction","(service/worker — no direct HTTP)"
"modules/developers/repositories/developers.repository.ts","(module)","findMany","developerAction","(service/worker — no direct HTTP)"
"modules/developers/repositories/developers.repository.ts","(module)","upsert","developerAction","(service/worker — no direct HTTP)"
"modules/developers/repositories/developers.repository.ts","(module)","create","developerSyncEvent","(service/worker — no direct HTTP)"
"modules/developers/repositories/developers.repository.ts","(module)","findMany","developerSyncEvent","(service/worker — no direct HTTP)"
"modules/developers/repositories/developers.repository.ts","(module)","update","developerSyncEvent","(service/worker — no direct HTTP)"
"modules/developers/repositories/developers.repository.ts","(module)","update","developerSyncEvent","(service/worker — no direct HTTP)"
"modules/developers/repositories/developers.repository.ts","(module)","update","developerSyncEvent","(service/worker — no direct HTTP)"
"modules/developers/repositories/developers.repository.ts","(module)","count","developerSyncEvent","(service/worker — no direct HTTP)"
"modules/developers/repositories/developers.repository.ts","(module)","findFirst","developerSyncEvent","(service/worker — no direct HTTP)"
"modules/developers/repositories/developers.repository.ts","(module)","findUnique","aiKnowledgeConfig","(service/worker — no direct HTTP)"
"modules/developers/repositories/developers.repository.ts","(module)","findUnique","aiKnowledge","(service/worker — no direct HTTP)"
"modules/developers/repositories/developers.repository.ts","(module)","findMany","developerSyncEvent","(service/worker — no direct HTTP)"
"modules/email/repositories/email.repository.ts","(module)","count","emailDomain","(service/worker — no direct HTTP)"
"modules/email/repositories/email.repository.ts","(module)","count","emailAddress","(service/worker — no direct HTTP)"
"modules/email/repositories/email.repository.ts","(module)","count","emailProviderConfig","(service/worker — no direct HTTP)"
"modules/email/repositories/email.repository.ts","(module)","findUnique","workspace","(service/worker — no direct HTTP)"
"modules/email/repositories/email.repository.ts","(module)","update","workspace","(service/worker — no direct HTTP)"
"modules/email/repositories/email.repository.ts","(module)","$transaction","$transaction","(service/worker — no direct HTTP)"
"modules/email/repositories/email.repository.ts","(module)","deleteMany","emailAddress","(service/worker — no direct HTTP)"
"modules/email/repositories/email.repository.ts","(module)","deleteMany","emailDomain","(service/worker — no direct HTTP)"
"modules/email/repositories/email.repository.ts","(module)","deleteMany","emailProviderConfig","(service/worker — no direct HTTP)"
"modules/email/repositories/email.repository.ts","(module)","update","workspace","(service/worker — no direct HTTP)"
"modules/email/repositories/email.repository.ts","(module)","findMany","emailDomain","(service/worker — no direct HTTP)"
"modules/email/repositories/email.repository.ts","(module)","findFirst","emailDomain","(service/worker — no direct HTTP)"
"modules/email/repositories/email.repository.ts","(module)","findFirst","emailDomain","(service/worker — no direct HTTP)"
"modules/email/repositories/email.repository.ts","(module)","create","emailDomain","(service/worker — no direct HTTP)"
"modules/email/repositories/email.repository.ts","(module)","update","emailDomain","(service/worker — no direct HTTP)"
"modules/email/repositories/email.repository.ts","(module)","findMany","emailAddress","(service/worker — no direct HTTP)"
"modules/email/repositories/email.repository.ts","(module)","findFirst","emailAddress","(service/worker — no direct HTTP)"
"modules/email/repositories/email.repository.ts","(module)","create","emailAddress","(service/worker — no direct HTTP)"
"modules/email/repositories/email.repository.ts","(module)","update","emailAddress","(service/worker — no direct HTTP)"
"modules/email/repositories/email.repository.ts","(module)","findUnique","workspace","(service/worker — no direct HTTP)"
"modules/email/repositories/email.repository.ts","(module)","updateMany","emailAddress","(service/worker — no direct HTTP)"
"modules/email/repositories/email.repository.ts","(module)","findMany","emailLog","(service/worker — no direct HTTP)"
"modules/email/repositories/email.repository.ts","(module)","create","emailLog","(service/worker — no direct HTTP)"
"modules/email/repositories/email.repository.ts","(module)","update","emailLog","(service/worker — no direct HTTP)"
"modules/email/repositories/email.repository.ts","(module)","findMany","emailProviderConfig","(service/worker — no direct HTTP)"
"modules/email/repositories/email.repository.ts","(module)","findFirst","emailProviderConfig","(service/worker — no direct HTTP)"
"modules/email/repositories/email.repository.ts","(module)","findFirst","emailProviderConfig","(service/worker — no direct HTTP)"
"modules/email/repositories/email.repository.ts","(module)","findFirst","emailProviderConfig","(service/worker — no direct HTTP)"
"modules/email/repositories/email.repository.ts","(module)","create","emailProviderConfig","(service/worker — no direct HTTP)"
"modules/email/repositories/email.repository.ts","(module)","update","emailProviderConfig","(service/worker — no direct HTTP)"
"modules/email/repositories/email.repository.ts","(module)","delete","emailProviderConfig","(service/worker — no direct HTTP)"
"modules/email/repositories/email.repository.ts","(module)","updateMany","emailProviderConfig","(service/worker — no direct HTTP)"
"modules/email/repositories/email.repository.ts","(module)","findMany","emailTemplate","(service/worker — no direct HTTP)"
"modules/email/repositories/email.repository.ts","(module)","findFirst","emailTemplate","(service/worker — no direct HTTP)"
"modules/email/repositories/email.repository.ts","(module)","findFirst","emailTemplate","(service/worker — no direct HTTP)"
"modules/email/repositories/email.repository.ts","(module)","create","emailTemplate","(service/worker — no direct HTTP)"
"modules/email/repositories/email.repository.ts","(module)","update","emailTemplate","(service/worker — no direct HTTP)"
"modules/email/repositories/email.repository.ts","(module)","delete","emailTemplate","(service/worker — no direct HTTP)"
"modules/email/services/resend-webhook.service.ts","handleResendEmailWebhook","findFirst","emailLog","(service/worker — no direct HTTP)"
"modules/email/services/resend-webhook.service.ts","handleResendEmailWebhook","update","emailLog","(service/worker — no direct HTTP)"
"modules/google/business-profile/repositories/gbp-account.repository.ts","(module)","findMany","googleBusinessAccount","(service/worker — no direct HTTP)"
"modules/google/business-profile/repositories/gbp-account.repository.ts","(module)","findFirst","googleBusinessAccount","(service/worker — no direct HTTP)"
"modules/google/business-profile/repositories/gbp-account.repository.ts","(module)","upsert","googleBusinessAccount","(service/worker — no direct HTTP)"
"modules/google/business-profile/repositories/gbp-account.repository.ts","(module)","updateMany","googleBusinessAccount","(service/worker — no direct HTTP)"
"modules/google/business-profile/repositories/gbp-account.repository.ts","(module)","updateMany","googleBusinessAccount","(service/worker — no direct HTTP)"
"modules/google/business-profile/repositories/gbp-account.repository.ts","(module)","aggregate","googleBusinessAccount","(service/worker — no direct HTTP)"
"modules/google/business-profile/repositories/gbp-account.repository.ts","(module)","findMany","googleBusinessAccount","(service/worker — no direct HTTP)"
"modules/google/business-profile/repositories/gbp-location.repository.ts","(module)","findMany","googleBusinessLocation","(service/worker — no direct HTTP)"
"modules/google/business-profile/repositories/gbp-location.repository.ts","(module)","findFirst","googleBusinessLocation","(service/worker — no direct HTTP)"
"modules/google/business-profile/repositories/gbp-location.repository.ts","(module)","upsert","googleBusinessLocation","(service/worker — no direct HTTP)"
"modules/google/business-profile/repositories/gbp-location.repository.ts","(module)","updateMany","googleBusinessLocation","(service/worker — no direct HTTP)"
"modules/google/business-profile/repositories/gbp-location.repository.ts","(module)","updateMany","googleBusinessLocation","(service/worker — no direct HTTP)"
"modules/google/business-profile/repositories/gbp-location.repository.ts","(module)","aggregate","googleBusinessLocation","(service/worker — no direct HTTP)"
"modules/google/business-profile/repositories/gbp-location.repository.ts","(module)","findMany","googleBusinessLocation","(service/worker — no direct HTTP)"
"modules/google/business-profile/repositories/gbp-metric.repository.ts","(module)","findMany","googleBusinessMetric","(service/worker — no direct HTTP)"
"modules/google/business-profile/repositories/gbp-metric.repository.ts","(module)","create","googleBusinessMetric","(service/worker — no direct HTTP)"
"modules/google/business-profile/repositories/gbp-metric.repository.ts","(module)","update","googleBusinessLocation","(service/worker — no direct HTTP)"
"modules/google/business-profile/repositories/gbp-metric.repository.ts","(module)","aggregate","googleBusinessMetric","(service/worker — no direct HTTP)"
"modules/google/business-profile/repositories/gbp-review.repository.ts","(module)","findMany","googleBusinessReview","(service/worker — no direct HTTP)"
"modules/google/business-profile/repositories/gbp-review.repository.ts","(module)","upsert","googleBusinessReview","(service/worker — no direct HTTP)"
"modules/google/business-profile/repositories/gbp-review.repository.ts","(module)","update","googleBusinessLocation","(service/worker — no direct HTTP)"
"modules/google/business-profile/repositories/gbp-review.repository.ts","(module)","aggregate","googleBusinessReview","(service/worker — no direct HTTP)"
"modules/google/business-profile/repositories/gbp-sync-log.repository.ts","(module)","create","googleBusinessSyncLog","(service/worker — no direct HTTP)"
"modules/google/business-profile/repositories/gbp-sync-log.repository.ts","(module)","findMany","googleBusinessSyncLog","(service/worker — no direct HTTP)"
"modules/google/business-profile/repositories/gbp-sync-log.repository.ts","(module)","count","googleBusinessSyncLog","(service/worker — no direct HTTP)"
"modules/google/business-profile/workers/gbp-scheduler.worker.ts","tick","findMany","googleProductIntegration","(service/worker — no direct HTTP)"
"modules/google/business-profile/workers/gbp-scheduler.worker.ts","tick","findMany","googleBusinessAccount","(service/worker — no direct HTTP)"
"modules/google/business-profile/workers/gbp-scheduler.worker.ts","tick","findMany","googleBusinessLocation","(service/worker — no direct HTTP)"
"modules/google/business-profile/workers/gbp-scheduler.worker.ts","tick","findMany","googleBusinessLocation","(service/worker — no direct HTTP)"
"modules/google/repositories/google-connection.repository.ts","tokensFromRow","findMany","googleConnection","(service/worker — no direct HTTP)"
"modules/google/repositories/google-connection.repository.ts","tokensFromRow","findFirst","googleConnection","(service/worker — no direct HTTP)"
"modules/google/repositories/google-connection.repository.ts","tokensFromRow","findFirst","googleConnection","(service/worker — no direct HTTP)"
"modules/google/repositories/google-connection.repository.ts","tokensFromRow","upsert","googleConnection","(service/worker — no direct HTTP)"
"modules/google/repositories/google-connection.repository.ts","tokensFromRow","update","googleConnection","(service/worker — no direct HTTP)"
"modules/google/repositories/google-connection.repository.ts","tokensFromRow","update","googleConnection","(service/worker — no direct HTTP)"
"modules/google/repositories/google-connection.repository.ts","(module)","deleteMany","googleConnection","(service/worker — no direct HTTP)"
"modules/google/repositories/google-product.repository.ts","(module)","findMany","googleProductIntegration","(service/worker — no direct HTTP)"
"modules/google/repositories/google-product.repository.ts","(module)","findUnique","googleProductIntegration","(service/worker — no direct HTTP)"
"modules/google/repositories/google-product.repository.ts","(module)","upsert","googleProductIntegration","(service/worker — no direct HTTP)"
"modules/google/repositories/google-product.repository.ts","(module)","update","googleProductIntegration","(service/worker — no direct HTTP)"
"modules/google/repositories/google-product.repository.ts","(module)","update","googleProductIntegration","(service/worker — no direct HTTP)"
"modules/google/repositories/google-product.repository.ts","(module)","updateMany","googleProductIntegration","(service/worker — no direct HTTP)"
"modules/google/repositories/google-product.repository.ts","(module)","deleteMany","googleProductIntegration","(service/worker — no direct HTTP)"
"modules/google/repositories/google-product.repository.ts","(module)","update","googleProductIntegration","(service/worker — no direct HTTP)"
"modules/google/repositories/google-sync-log.repository.ts","(module)","create","googleSyncLog","(service/worker — no direct HTTP)"
"modules/google/repositories/google-sync-log.repository.ts","(module)","findMany","googleSyncLog","(service/worker — no direct HTTP)"
"modules/google/repositories/google-webhook-log.repository.ts","(module)","create","googleWebhookLog","(service/worker — no direct HTTP)"
"modules/journey/providers/meta-cloud.messaging.provider.ts","(module)","findFirst","contact","(service/worker — no direct HTTP)"
"modules/journey/providers/meta-cloud.messaging.provider.ts","(module)","findFirst","template","(service/worker — no direct HTTP)"
"modules/journey/providers/meta-cloud.messaging.provider.ts","(module)","create","message","(service/worker — no direct HTTP)"
"modules/journey/providers/meta-cloud.messaging.provider.ts","(module)","update","conversation","(service/worker — no direct HTTP)"
"modules/journey/repositories/journey-execution.repository.ts","(module)","create","journeyExecution","(service/worker — no direct HTTP)"
"modules/journey/repositories/journey-execution.repository.ts","(module)","findUnique","journeyExecution","(service/worker — no direct HTTP)"
"modules/journey/repositories/journey-execution.repository.ts","(module)","findFirst","journeyExecution","(service/worker — no direct HTTP)"
"modules/journey/repositories/journey-execution.repository.ts","(module)","update","journeyExecution","(service/worker — no direct HTTP)"
"modules/journey/repositories/journey-execution.repository.ts","(module)","create","journeyExecutionLog","(service/worker — no direct HTTP)"
"modules/journey/repositories/journey-execution.repository.ts","(module)","findMany","journeyExecutionLog","(service/worker — no direct HTTP)"
"modules/journey/repositories/journey-execution.repository.ts","(module)","groupBy","journeyExecution","(service/worker — no direct HTTP)"
"modules/journey/repositories/journey-execution.repository.ts","(module)","findMany","journeyExecution","(service/worker — no direct HTTP)"
"modules/journey/repositories/journey-execution.repository.ts","(module)","findMany","journeyExecution","(service/worker — no direct HTTP)"
"modules/journey/repositories/journey.repository.ts","(module)","findMany","journey","(service/worker — no direct HTTP)"
"modules/journey/repositories/journey.repository.ts","(module)","findFirst","journey","(service/worker — no direct HTTP)"
"modules/journey/repositories/journey.repository.ts","(module)","create","journey","(service/worker — no direct HTTP)"
"modules/journey/repositories/journey.repository.ts","(module)","updateMany","journey","(service/worker — no direct HTTP)"
"modules/journey/repositories/journey.repository.ts","(module)","deleteMany","journey","(service/worker — no direct HTTP)"
"modules/journey/repositories/journey.repository.ts","(module)","findFirst","journey","(service/worker — no direct HTTP)"
"modules/journey/repositories/journey.repository.ts","(module)","findFirst","journey","(service/worker — no direct HTTP)"
"modules/journey/repositories/journey.repository.ts","(module)","$transaction","$transaction","(service/worker — no direct HTTP)"
"modules/journey/repositories/journey.repository.ts","(module)","deleteMany","journeyEdge","(service/worker — no direct HTTP)"
"modules/journey/repositories/journey.repository.ts","(module)","deleteMany","journeyNode","(service/worker — no direct HTTP)"
"modules/journey/repositories/journey.repository.ts","(module)","createMany","journeyNode","(service/worker — no direct HTTP)"
"modules/journey/repositories/journey.repository.ts","(module)","createMany","journeyEdge","(service/worker — no direct HTTP)"
"modules/journey/repositories/journey.repository.ts","(module)","update","journey","(service/worker — no direct HTTP)"
"modules/journey/repositories/journey.repository.ts","(module)","findMany","journey","(service/worker — no direct HTTP)"
"modules/journey/repositories/journey.repository.ts","(module)","findFirst","journey","(service/worker — no direct HTTP)"
"modules/journey/repositories/journey.repository.ts","(module)","findFirst","journeyNode","(service/worker — no direct HTTP)"
"modules/journey/repositories/journey.repository.ts","(module)","findFirst","journeyNode","(service/worker — no direct HTTP)"
"modules/journey/services/journey-contact-actions.service.ts","findActiveConversationForContact","findFirst","conversation","(service/worker — no direct HTTP)"
"modules/journey/services/journey-contact-actions.service.ts","openContactConversation","update","conversation","(service/worker — no direct HTTP)"
"modules/journey/services/journey-contact-actions.service.ts","openContactConversation","update","conversation","(service/worker — no direct HTTP)"
"modules/journey/services/journey-contact-actions.service.ts","closeContactConversation","update","conversation","(service/worker — no direct HTTP)"
"modules/journey/services/journey-contact-actions.service.ts","assignContactConversation","updateMany","conversation","(service/worker — no direct HTTP)"
"modules/journey/services/journey-contact-actions.service.ts","mergeContactCustomFields","findUnique","contact","(service/worker — no direct HTTP)"
"modules/journey/services/journey-contact-actions.service.ts","mergeContactCustomFields","update","contact","(service/worker — no direct HTTP)"
"modules/journey/services/journey-contact-actions.service.ts","updateContactField","update","contact","(service/worker — no direct HTTP)"
"modules/journey/services/journey-engine.service.ts","(module)","findFirst","journeyExecutionLog","(service/worker — no direct HTTP)"
"modules/journey/services/journey-engine.service.ts","(module)","update","contact","(service/worker — no direct HTTP)"
"modules/journey/services/journey-trigger.service.ts","ctx","findFirst","conversation","(service/worker — no direct HTTP)"
"queue/contact-insight.queue.ts","enqueueContactInsight","findFirst","contact","(service/worker — no direct HTTP)"
"reset-db.ts","main","$queryRaw","raw","(service/worker — no direct HTTP)"
"reset-db.ts","main","$executeRaw","raw","(service/worker — no direct HTTP)"
"reset-db.ts","main","updateMany","workspace","(service/worker — no direct HTTP)"
"reset-db.ts","main","count","user","(service/worker — no direct HTTP)"
"reset-db.ts","main","count","workspace","(service/worker — no direct HTTP)"
"routes/agents.ts","getAgentOr404","findFirst","aiAgent","/api/agents"
"routes/agents.ts","GET /","findMany","aiAgent","/api/agents"
"routes/agents.ts","GET /:id","findFirst","aiAgent","/api/agents/:id"
"routes/agents.ts","POST /","create","aiAgent","/api/agents"
"routes/agents.ts","PUT /:id","findFirst","aiAgent","/api/agents/:id"
"routes/agents.ts","PUT /:id","updateMany","aiAgent","/api/agents/:id"
"routes/agents.ts","PUT /:id","findFirst","aiAgent","/api/agents/:id"
"routes/agents.ts","POST /:id/toggle","findFirst","aiAgent","/api/agents/:id/toggle"
"routes/agents.ts","POST /:id/toggle","updateMany","aiAgent","/api/agents/:id/toggle"
"routes/agents.ts","POST /:id/toggle","findFirst","aiAgent","/api/agents/:id/toggle"
"routes/agents.ts","POST /:id/duplicate","findFirst","aiAgent","/api/agents/:id/duplicate"
"routes/agents.ts","POST /:id/duplicate","create","aiAgent","/api/agents/:id/duplicate"
"routes/agents.ts","DELETE /:id","findFirst","aiAgent","/api/agents/:id"
"routes/agents.ts","DELETE /:id","deleteMany","aiAgent","/api/agents/:id"
"routes/agents.ts","GET /:id/conversations/:conversationId","findFirst","agentChatConversation","/api/agents/:id/conversations/:conversationId"
"routes/agents.ts","GET /:id/token-stats","aggregate","tokenUsageLog","/api/agents/:id/token-stats"
"routes/agents.ts","GET /:id/token-stats","count","tokenUsageLog","/api/agents/:id/token-stats"
"routes/agents.ts","GET /:id/token-stats","count","agentChatConversation","/api/agents/:id/token-stats"
"routes/agents.ts","GET /:id/skills","findMany","aiSkill","/api/agents/:id/skills"
"routes/agents.ts","POST /:id/skills","create","aiSkill","/api/agents/:id/skills"
"routes/agents.ts","PUT /:id/skills/:skillId","findFirst","aiSkill","/api/agents/:id/skills/:skillId"
"routes/agents.ts","PUT /:id/skills/:skillId","update","aiSkill","/api/agents/:id/skills/:skillId"
"routes/agents.ts","PATCH /:id/skills/:skillId/publish","findFirst","aiSkill","/api/agents/:id/skills/:skillId/publish"
"routes/agents.ts","PATCH /:id/skills/:skillId/publish","update","aiSkill","/api/agents/:id/skills/:skillId/publish"
"routes/agents.ts","DELETE /:id/skills/:skillId","findFirst","aiSkill","/api/agents/:id/skills/:skillId"
"routes/agents.ts","DELETE /:id/skills/:skillId","delete","aiSkill","/api/agents/:id/skills/:skillId"
"routes/agents.ts","GET /:id/knowledge","findMany","aiAgentKnowledgeItem","/api/agents/:id/knowledge"
"routes/agents.ts","POST /:id/knowledge","create","aiAgentKnowledgeItem","/api/agents/:id/knowledge"
"routes/agents.ts","DELETE /:id/knowledge/:kId","findFirst","aiAgentKnowledgeItem","/api/agents/:id/knowledge/:kId"
"routes/agents.ts","DELETE /:id/knowledge/:kId","delete","aiAgentKnowledgeItem","/api/agents/:id/knowledge/:kId"
"routes/agents.ts","POST /:id/knowledge/reindex","findMany","aiAgentKnowledgeItem","/api/agents/:id/knowledge/reindex"
"routes/analytics.ts","GET /dashboard","count","contact","/api/analytics/dashboard"
"routes/analytics.ts","GET /dashboard","count","journey","/api/analytics/dashboard"
"routes/analytics.ts","GET /dashboard","count","journey","/api/analytics/dashboard"
"routes/analytics.ts","GET /dashboard","count","conversation","/api/analytics/dashboard"
"routes/analytics.ts","GET /dashboard","count","conversation","/api/analytics/dashboard"
"routes/analytics.ts","GET /dashboard","count","message","/api/analytics/dashboard"
"routes/analytics.ts","GET /messages","findMany","message","/api/analytics/messages"
"routes/analytics.ts","GET /campaigns","findMany","campaign","/api/analytics/campaigns"
"routes/analytics.ts","GET /campaigns/upcoming","findMany","campaign","/api/analytics/campaigns/upcoming"
"routes/auth.ts","POST /register","findUnique","user","/api/auth/register"
"routes/auth.ts","POST /register","create","workspace","/api/auth/register"
"routes/auth.ts","POST /register","create","user","/api/auth/register"
"routes/auth.ts","POST /login","findUnique","user","/api/auth/login"
"routes/auth.ts","POST /switch-workspace","findUnique","user","/api/auth/switch-workspace"
"routes/auth.ts","POST /switch-workspace","findUnique","workspace","/api/auth/switch-workspace"
"routes/auth.ts","POST /workspaces","create","workspace","/api/auth/workspaces"
"routes/auth.ts","POST /workspaces","create","workspaceMembership","/api/auth/workspaces"
"routes/auth.ts","POST /workspaces","findUnique","user","/api/auth/workspaces"
"routes/auth.ts","GET /me","findUnique","user","/api/auth/me"
"routes/campaigns.ts","GET /","findMany","campaign","/api/campaigns"
"routes/campaigns.ts","POST /","create","campaign","/api/campaigns"
"routes/campaigns.ts","POST /:id/send","findFirst","campaign","/api/campaigns/:id/send"
"routes/canned-responses.ts","GET /","findMany","cannedResponse","/api/canned-responses"
"routes/canned-responses.ts","GET /:id","findFirst","cannedResponse","/api/canned-responses/:id"
"routes/canned-responses.ts","GET /:id/media","findFirst","cannedResponse","/api/canned-responses/:id/media"
"routes/canned-responses.ts","POST /","create","cannedResponse","/api/canned-responses"
"routes/canned-responses.ts","POST /","update","cannedResponse","/api/canned-responses"
"routes/canned-responses.ts","POST /","create","cannedResponse","/api/canned-responses"
"routes/canned-responses.ts","PUT /:id","findFirst","cannedResponse","/api/canned-responses/:id"
"routes/canned-responses.ts","PUT /:id","update","cannedResponse","/api/canned-responses/:id"
"routes/canned-responses.ts","PUT /:id","update","cannedResponse","/api/canned-responses/:id"
"routes/canned-responses.ts","DELETE /:id","findFirst","cannedResponse","/api/canned-responses/:id"
"routes/canned-responses.ts","DELETE /:id","delete","cannedResponse","/api/canned-responses/:id"
"routes/contacts.ts","GET /stats","count","contact","/api/contacts/stats"
"routes/contacts.ts","GET /stats","count","contact","/api/contacts/stats"
"routes/contacts.ts","GET /stats","count","contact","/api/contacts/stats"
"routes/contacts.ts","GET /segments","count","contact","/api/contacts/segments"
"routes/contacts.ts","GET /segments","count","contact","/api/contacts/segments"
"routes/contacts.ts","GET /segments","count","contact","/api/contacts/segments"
"routes/contacts.ts","GET /","findMany","contact","/api/contacts"
"routes/contacts.ts","POST /","create","contact","/api/contacts"
"routes/contacts.ts","GET /:id","findFirst","contact","/api/contacts/:id"
"routes/contacts.ts","GET /:id/insights/latest","findFirst","contact","/api/contacts/:id/insights/latest"
"routes/contacts.ts","POST /:id/insights/compute","findFirst","contact","/api/contacts/:id/insights/compute"
"routes/contacts.ts","PUT /:id","updateMany","contact","/api/contacts/:id"
"routes/contacts.ts","PUT /:id","findFirst","contact","/api/contacts/:id"
"routes/contacts.ts","DELETE /:id","findFirst","contact","/api/contacts/:id"
"routes/contacts.ts","DELETE /:id","findMany","conversation","/api/contacts/:id"
"routes/contacts.ts","DELETE /:id","deleteMany","agentFlowSession","/api/contacts/:id"
"routes/contacts.ts","DELETE /:id","deleteMany","journeyExecution","/api/contacts/:id"
"routes/contacts.ts","DELETE /:id","delete","contact","/api/contacts/:id"
"routes/conversations.ts","GET /","findMany","conversation","/api/conversations"
"routes/conversations.ts","GET /:id","findFirst","conversation","/api/conversations/:id"
"routes/conversations.ts","GET /:id","findFirst","contact","/api/conversations/:id"
"routes/conversations.ts","POST /open","findFirst","contact","/api/conversations/open"
"routes/conversations.ts","POST /open","findFirst","instagramAccount","/api/conversations/open"
"routes/conversations.ts","POST /open","findFirst","messengerAccount","/api/conversations/open"
"routes/conversations.ts","POST /open","findUnique","workspace","/api/conversations/open"
"routes/conversations.ts","POST /open","findFirst","conversation","/api/conversations/open"
"routes/conversations.ts","GET /:id/messages","findFirst","conversation","/api/conversations/:id/messages"
"routes/conversations.ts","GET /:id/messages","updateMany","conversation","/api/conversations/:id/messages"
"routes/conversations.ts","GET /:id/messages","findMany","message","/api/conversations/:id/messages"
"routes/conversations.ts","GET /:id/messages","findFirst","message","/api/conversations/:id/messages"
"routes/conversations.ts","GET /:id/messages","findMany","message","/api/conversations/:id/messages"
"routes/conversations.ts","GET /:id/messages","count","message","/api/conversations/:id/messages"
"routes/conversations.ts","GET /:id/messages","findMany","message","/api/conversations/:id/messages"
"routes/conversations.ts","GET /:id/messages","count","message","/api/conversations/:id/messages"
"routes/conversations.ts","POST /:id/messages","findFirst","conversation","/api/conversations/:id/messages"
"routes/conversations.ts","POST /:id/messages","findUnique","user","/api/conversations/:id/messages"
"routes/conversations.ts","POST /:id/messages","findFirst","message","/api/conversations/:id/messages"
"routes/conversations.ts","POST /:id/messages","create","message","/api/conversations/:id/messages"
"routes/conversations.ts","POST /:id/messages","updateMany","conversation","/api/conversations/:id/messages"
"routes/conversations.ts","(module)","create","message","/api/conversations"
"routes/conversations.ts","(module)","updateMany","conversation","/api/conversations"
"routes/conversations.ts","(module)","create","message","/api/conversations"
"routes/conversations.ts","(module)","updateMany","conversation","/api/conversations"
"routes/conversations.ts","POST /:id/messages/template","findFirst","conversation","/api/conversations/:id/messages/template"
"routes/conversations.ts","POST /:id/messages/template","findFirst","template","/api/conversations/:id/messages/template"
"routes/conversations.ts","POST /:id/messages/template","findUnique","user","/api/conversations/:id/messages/template"
"routes/conversations.ts","(module)","create","message","/api/conversations"
"routes/conversations.ts","(module)","updateMany","conversation","/api/conversations"
"routes/conversations.ts","GET /messages/:messageId/attachment","findFirst","message","/api/conversations/messages/:messageId/attachment"
"routes/conversations.ts","POST /:id/messages/media","findFirst","conversation","/api/conversations/:id/messages/media"
"routes/conversations.ts","POST /:id/messages/media","findUnique","user","/api/conversations/:id/messages/media"
"routes/conversations.ts","(module)","create","message","/api/conversations"
"routes/conversations.ts","(module)","update","message","/api/conversations"
"routes/conversations.ts","(module)","updateMany","conversation","/api/conversations"
"routes/conversations.ts","DELETE /:id","findFirst","conversation","/api/conversations/:id"
"routes/conversations.ts","PUT /:id","findFirst","conversation","/api/conversations/:id"
"routes/conversations.ts","body","updateMany","conversation","/api/conversations"
"routes/conversations.ts","body","findFirst","conversation","/api/conversations"
"routes/facebook.ts","POST /connect","update","workspace","(service/worker — no direct HTTP)"
"routes/facebook.ts","DELETE /disconnect","update","workspace","(service/worker — no direct HTTP)"
"routes/instagram.ts","POST /connect","findFirst","instagramAccount","/api/instagram/connect"
"routes/messenger.ts","body","findFirst","messengerAccount","/api/messenger"
"routes/metaAds.ts","DELETE /disconnect","update","workspace","(service/worker — no direct HTTP)"
"routes/platform/auth.ts","POST /login","findUnique","platformAdmin","(service/worker — no direct HTTP)"
"routes/templates.ts","syncTemplatesFromMeta","upsert","template","/api/templates"
"routes/templates.ts","GET /","findMany","template","/api/templates"
"routes/templates.ts","POST /sync","findMany","template","/api/templates/sync"
"routes/templates.ts","GET /:id","findFirst","template","/api/templates/:id"
"routes/templates.ts","POST /","findUnique","template","/api/templates"
"routes/templates.ts","POST /","create","template","/api/templates"
"routes/templates.ts","PUT /:id","findFirst","template","/api/templates/:id"
"routes/templates.ts","PUT /:id","update","template","/api/templates/:id"
"routes/templates.ts","POST /:id/submit","findFirst","template","/api/templates/:id/submit"
"routes/templates.ts","POST /:id/submit","update","template","/api/templates/:id/submit"
"routes/templates.ts","POST /:id/submit","update","template","/api/templates/:id/submit"
"routes/templates.ts","DELETE /:id","findFirst","template","/api/templates/:id"
"routes/templates.ts","DELETE /:id","delete","template","/api/templates/:id"
"routes/webhooks.ts","POST /whatsapp","findFirst","message","/api/webhook/whatsapp"
"routes/webhooks.ts","(module)","create","message","/api/webhook"
"routes/webhooks.ts","(module)","update","message","/api/webhook"
"routes/webhooks.ts","(module)","updateMany","conversation","/api/webhook"
"routes/webhooks.ts","(module)","findFirst","message","/api/webhook"
"routes/webhooks.ts","(module)","update","message","/api/webhook"
"routes/whatsapp.ts","GET /status","findUnique","workspace","/api/whatsapp/status"
"routes/whatsapp.ts","body","deleteMany","whatsAppPhoneAccount","/api/whatsapp"
"routes/whatsapp.ts","body","findMany","whatsAppPhoneAccount","/api/whatsapp"
"routes/whatsapp.ts","body","update","workspace","/api/whatsapp"
"routes/whatsapp.ts","body","update","workspace","/api/whatsapp"
"routes/whatsapp.ts","body","deleteMany","whatsAppPhoneAccount","/api/whatsapp"
"routes/whatsapp.ts","body","update","workspace","/api/whatsapp"
"routes/workspace.ts","GET /subscription","findUnique","workspace","/api/workspace/subscription"
"routes/workspace.ts","POST /subscription/quote","update","workspace","/api/workspace/subscription/quote"
"routes/workspace.ts","GET /company","findUnique","workspace","/api/workspace/company"
"routes/workspace.ts","PATCH /company","update","workspace","/api/workspace/company"
"scripts/sync-razorpay-plans.ts","main","findMany","subscriptionPlan","(service/worker — no direct HTTP)"
"seed.ts","main","upsert","platformAdmin","(service/worker — no direct HTTP)"
"services/agent-test.service.ts","testAgentChat","findFirst","aiAgent","(service/worker — no direct HTTP)"
"services/ai-agent-inbound.service.ts","processAiAgentInbound","findFirst","conversation","(service/worker — no direct HTTP)"
"services/ai-agent-inbound.service.ts","processAiAgentInbound","findFirst","aiAgent","(service/worker — no direct HTTP)"
"services/ai-agent-inbound.service.ts","processAiAgentInbound","findFirst","agentChatConversation","(service/worker — no direct HTTP)"
"services/ai-agent-inbound.service.ts","processAiAgentInbound","create","message","(service/worker — no direct HTTP)"
"services/ai-agent-inbound.service.ts","processAiAgentInbound","updateMany","conversation","(service/worker — no direct HTTP)"
"services/ai-agent-respond-stream.service.ts","heuristicIntent","findFirst","conversation","(service/worker — no direct HTTP)"
"services/ai-agent-respond-stream.service.ts","heuristicIntent","findFirst","aiAgent","(service/worker — no direct HTTP)"
"services/ai-agent-respond-stream.service.ts","heuristicIntent","findFirst","agentChatConversation","(service/worker — no direct HTTP)"
"services/ai-agent-respond-stream.service.ts","heuristicIntent","create","agentChatConversation","(service/worker — no direct HTTP)"
"services/ai-agent-respond-stream.service.ts","persistTurn","create","agentChatMessage","(service/worker — no direct HTTP)"
"services/ai-agent-respond-stream.service.ts","persistTurn","create","agentChatMessage","(service/worker — no direct HTTP)"
"services/ai-agent-respond-stream.service.ts","persistTurn","update","agentChatConversation","(service/worker — no direct HTTP)"
"services/ai-agent-respond.service.ts","respondAiAgentTurn","findFirst","conversation","(service/worker — no direct HTTP)"
"services/ai-agent-respond.service.ts","respondAiAgentTurn","findFirst","aiAgent","(service/worker — no direct HTTP)"
"services/ai-agent-respond.service.ts","respondAiAgentTurn","findFirst","agentChatConversation","(service/worker — no direct HTTP)"
"services/ai-inbound.service.ts","processAiInbound","findFirst","conversation","(service/worker — no direct HTTP)"
"services/ai-inbound.service.ts","processAiInbound","findUnique","aiKnowledgeConfig","(service/worker — no direct HTTP)"
"services/ai-inbound.service.ts","processAiInbound","create","message","(service/worker — no direct HTTP)"
"services/ai-inbound.service.ts","processAiInbound","updateMany","conversation","(service/worker — no direct HTTP)"
"services/campaignAudience.service.ts","getWorkspaceTags","findMany","contact","(service/worker — no direct HTTP)"
"services/campaignAudience.service.ts","countCampaignAudience","count","contact","(service/worker — no direct HTTP)"
"services/campaignAudience.service.ts","getCampaignAudienceContacts","findMany","contact","(service/worker — no direct HTTP)"
"services/campaignAudience.service.ts","listCampaignAudienceContacts","count","contact","(service/worker — no direct HTTP)"
"services/campaignAudience.service.ts","listCampaignAudienceContacts","findMany","contact","(service/worker — no direct HTTP)"
"services/campaignBroadcast.service.ts","executeWhatsAppCampaignBroadcast","findFirst","template","(service/worker — no direct HTTP)"
"services/campaignBroadcast.service.ts","executeWhatsAppCampaignBroadcast","update","campaign","(service/worker — no direct HTTP)"
"services/campaignBroadcast.service.ts","executeWhatsAppCampaignBroadcast","create","message","(service/worker — no direct HTTP)"
"services/campaignBroadcast.service.ts","(module)","update","conversation","(service/worker — no direct HTTP)"
"services/campaignBroadcast.service.ts","(module)","update","campaign","(service/worker — no direct HTTP)"
"services/campaignBroadcast.service.ts","executeEmailCampaignBroadcast","findFirst","emailTemplate","(service/worker — no direct HTTP)"
"services/campaignBroadcast.service.ts","executeEmailCampaignBroadcast","update","campaign","(service/worker — no direct HTTP)"
"services/campaignBroadcast.service.ts","executeEmailCampaignBroadcast","update","campaign","(service/worker — no direct HTTP)"
"services/campaignBroadcast.service.ts","executeCampaignBroadcast","findFirst","campaign","(service/worker — no direct HTTP)"
"services/campaignInsights.service.ts","findEmailLogsForCampaign","findMany","emailLog","(service/worker — no direct HTTP)"
"services/campaignInsights.service.ts","findEmailLogsForCampaign","findMany","emailLog","(service/worker — no direct HTTP)"
"services/campaignInsights.service.ts","meta","update","emailLog","(service/worker — no direct HTTP)"
"services/campaignInsights.service.ts","getWhatsAppCampaignInsights","findFirst","template","(service/worker — no direct HTTP)"
"services/campaignInsights.service.ts","getWhatsAppCampaignInsights","findMany","message","(service/worker — no direct HTTP)"
"services/campaignInsights.service.ts","getEmailCampaignInsights","findFirst","emailTemplate","(service/worker — no direct HTTP)"
"services/campaignInsights.service.ts","getCampaignInsights","findFirst","campaign","(service/worker — no direct HTTP)"
"services/channelDisconnectCleanup.service.ts","countRemainingChannelAccounts","count","whatsAppPhoneAccount","(service/worker — no direct HTTP)"
"services/channelDisconnectCleanup.service.ts","countRemainingChannelAccounts","count","instagramAccount","(service/worker — no direct HTTP)"
"services/channelDisconnectCleanup.service.ts","countRemainingChannelAccounts","count","messengerAccount","(service/worker — no direct HTTP)"
"services/channelDisconnectCleanup.service.ts","purgeChannelAccountData","findMany","conversation","(service/worker — no direct HTTP)"
"services/channelDisconnectCleanup.service.ts","purgeChannelAccountData","deleteMany","message","(service/worker — no direct HTTP)"
"services/channelDisconnectCleanup.service.ts","purgeChannelAccountData","deleteMany","agentFlowSession","(service/worker — no direct HTTP)"
"services/channelDisconnectCleanup.service.ts","purgeChannelAccountData","deleteMany","conversation","(service/worker — no direct HTTP)"
"services/channelDisconnectCleanup.service.ts","purgeJourneyDataForContact","findMany","journeyExecution","(service/worker — no direct HTTP)"
"services/channelDisconnectCleanup.service.ts","purgeJourneyDataForContact","deleteMany","journeyExecutionLog","(service/worker — no direct HTTP)"
"services/channelDisconnectCleanup.service.ts","purgeJourneyDataForContact","deleteMany","journeyExecution","(service/worker — no direct HTTP)"
"services/channelDisconnectCleanup.service.ts","purgeJourneyDataForContact","deleteMany","agentFlowSession","(service/worker — no direct HTTP)"
"services/channelDisconnectCleanup.service.ts","purgeJourneyDataForContact","count","conversation","(service/worker — no direct HTTP)"
"services/channelDisconnectCleanup.service.ts","purgeJourneyDataForContact","deleteMany","contact","(service/worker — no direct HTTP)"
"services/channelDisconnectCleanup.service.ts","purgeJourneyDataForContact","findMany","contact","(service/worker — no direct HTTP)"
"services/channelDisconnectCleanup.service.ts","purgeJourneyDataForContact","deleteMany","agentFlowSession","(service/worker — no direct HTTP)"
"services/channelDisconnectCleanup.service.ts","purgeJourneyDataForContact","deleteMany","contact","(service/worker — no direct HTTP)"
"services/channelDisconnectCleanup.service.ts","purgeJourneyDataForContact","findMany","campaign","(service/worker — no direct HTTP)"
"services/channelDisconnectCleanup.service.ts","purgeJourneyDataForContact","deleteMany","campaign","(service/worker — no direct HTTP)"
"services/channelDisconnectCleanup.service.ts","disconnectInstagramAccounts","findMany","instagramAccount","(service/worker — no direct HTTP)"
"services/channelDisconnectCleanup.service.ts","disconnectInstagramAccounts","deleteMany","messengerAccount","(service/worker — no direct HTTP)"
"services/channelDisconnectCleanup.service.ts","disconnectInstagramAccounts","deleteMany","instagramAccount","(service/worker — no direct HTTP)"
"services/channelDisconnectCleanup.service.ts","disconnectMessengerAccounts","findMany","messengerAccount","(service/worker — no direct HTTP)"
"services/channelDisconnectCleanup.service.ts","disconnectMessengerAccounts","deleteMany","messengerAccount","(service/worker — no direct HTTP)"
"services/contact-audit.service.ts","getContactAudits","findFirst","contact","(service/worker — no direct HTTP)"
"services/contact-audit.service.ts","conversationIds","findMany","conversation","(service/worker — no direct HTTP)"
"services/contact-audit.service.ts","conversationIds","findMany","journeyExecution","(service/worker — no direct HTTP)"
"services/contact-audit.service.ts","conversationIds","findMany","agentFlowSession","(service/worker — no direct HTTP)"
"services/contact-audit.service.ts","conversationIds","findMany","message","(service/worker — no direct HTTP)"
"services/contact-audit.service.ts","conversationIds","findMany","campaign","(service/worker — no direct HTTP)"
"services/conversation-assignee.service.ts","applyConversationAssignee","findFirst","conversation","(service/worker — no direct HTTP)"
"services/conversation-assignee.service.ts","applyConversationAssignee","findFirst","aiAgent","(service/worker — no direct HTTP)"
"services/conversation-assignee.service.ts","applyConversationAssignee","findFirst","aiAgent","(service/worker — no direct HTTP)"
"services/conversation-assignee.service.ts","applyConversationAssignee","findFirst","journey","(service/worker — no direct HTTP)"
"services/conversation-assignee.service.ts","applyConversationAssignee","findUnique","aiKnowledgeConfig","(service/worker — no direct HTTP)"
"services/conversation-assignee.service.ts","applyConversationAssignee","updateMany","conversation","(service/worker — no direct HTTP)"
"services/conversation-assignee.service.ts","applyConversationAssignee","deleteMany","agentFlowSession","(service/worker — no direct HTTP)"
"services/conversation-delete.service.ts","deleteConversationThread","findFirst","conversation","(service/worker — no direct HTTP)"
"services/conversation-delete.service.ts","deleteConversationThread","deleteMany","agentFlowSession","(service/worker — no direct HTTP)"
"services/conversation-delete.service.ts","deleteConversationThread","deleteMany","message","(service/worker — no direct HTTP)"
"services/conversation-delete.service.ts","deleteConversationThread","delete","conversation","(service/worker — no direct HTTP)"
"services/conversation-inbound-router.service.ts","routeInboundWhatsApp","findFirst","conversation","(service/worker — no direct HTTP)"
"services/conversationThread.service.ts","clearFlowSessionForConversation","deleteMany","agentFlowSession","(service/worker — no direct HTTP)"
"services/conversationThread.service.ts","onConversationResolved","findUnique","conversation","(service/worker — no direct HTTP)"
"services/conversationThread.service.ts","findOrReopenConversationForInbound","findFirst","conversation","(service/worker — no direct HTTP)"
"services/conversationThread.service.ts","findOrReopenConversationForInbound","update","conversation","(service/worker — no direct HTTP)"
"services/conversationThread.service.ts","findOrReopenConversationForInbound","findFirst","conversation","(service/worker — no direct HTTP)"
"services/conversationThread.service.ts","findOrReopenConversationForInbound","update","conversation","(service/worker — no direct HTTP)"
"services/conversationThread.service.ts","findOrReopenConversationForInbound","create","conversation","(service/worker — no direct HTTP)"
"services/conversationThread.service.ts","mergeConversationInto","deleteMany","agentFlowSession","(service/worker — no direct HTTP)"
"services/conversationThread.service.ts","mergeConversationInto","updateMany","message","(service/worker — no direct HTTP)"
"services/conversationThread.service.ts","mergeConversationInto","delete","conversation","(service/worker — no direct HTTP)"
"services/conversationThread.service.ts","consolidateWorkspaceWhatsAppDuplicates","findMany","contact","(service/worker — no direct HTTP)"
"services/conversationThread.service.ts","consolidateWorkspaceWhatsAppDuplicates","count","conversation","(service/worker — no direct HTTP)"
"services/conversationThread.service.ts","consolidateWorkspaceWhatsAppDuplicates","updateMany","conversation","(service/worker — no direct HTTP)"
"services/conversationThread.service.ts","consolidateWorkspaceWhatsAppDuplicates","updateMany","journeyExecution","(service/worker — no direct HTTP)"
"services/conversationThread.service.ts","consolidateWorkspaceWhatsAppDuplicates","updateMany","agentFlowSession","(service/worker — no direct HTTP)"
"services/conversationThread.service.ts","consolidateWorkspaceWhatsAppDuplicates","delete","contact","(service/worker — no direct HTTP)"
"services/conversationThread.service.ts","consolidateWorkspaceWhatsAppDuplicates","update","contact","(service/worker — no direct HTTP)"
"services/conversationThread.service.ts","consolidateWorkspaceWhatsAppDuplicates","findMany","conversation","(service/worker — no direct HTTP)"
"services/conversationThread.service.ts","consolidateWorkspaceWhatsAppDuplicates","deleteMany","agentFlowSession","(service/worker — no direct HTTP)"
"services/conversationThread.service.ts","consolidateWorkspaceWhatsAppDuplicates","deleteMany","message","(service/worker — no direct HTTP)"
"services/conversationThread.service.ts","consolidateWorkspaceWhatsAppDuplicates","delete","conversation","(service/worker — no direct HTTP)"
"services/conversationThread.service.ts","consolidateWorkspaceWhatsAppDuplicates","findMany","conversation","(service/worker — no direct HTTP)"
"services/facebookConnect.ts","connectWorkspaceFacebook","update","workspace","(service/worker — no direct HTTP)"
"services/facebookConnect.ts","getConnectedFacebookPage","findUnique","workspace","(service/worker — no direct HTTP)"
"services/facebookCredentials.ts","getWorkspaceFacebookPageCredentials","findUnique","workspace","(service/worker — no direct HTTP)"
"services/facebookCredentials.ts","getWorkspaceMetaUserToken","findUnique","workspace","(service/worker — no direct HTTP)"
"services/inboxScope.ts","validateInboxScopeForWorkspace","findMany","whatsAppPhoneAccount","(service/worker — no direct HTTP)"
"services/inboxScope.ts","validateInboxScopeForWorkspace","findMany","instagramAccount","(service/worker — no direct HTTP)"
"services/inboxScope.ts","validateInboxScopeForWorkspace","findMany","messengerAccount","(service/worker — no direct HTTP)"
"services/instagramConnect.ts","markAlreadyConnectedCandidates","findMany","instagramAccount","(service/worker — no direct HTTP)"
"services/instagramConnect.ts","completeInstagramConnect","findUnique","instagramAccount","(service/worker — no direct HTTP)"
"services/instagramConnect.ts","completeInstagramConnect","upsert","instagramAccount","(service/worker — no direct HTTP)"
"services/instagramConnect.ts","listInstagramAccounts","findMany","instagramAccount","(service/worker — no direct HTTP)"
"services/instagramContactProfile.ts","existing","update","contact","(service/worker — no direct HTTP)"
"services/instagramCredentials.ts","getWorkspaceInstagramCredentials","findFirst","instagramAccount","(service/worker — no direct HTTP)"
"services/instagramCredentials.ts","getWorkspaceInstagramCredentials","findFirst","instagramAccount","(service/worker — no direct HTTP)"
"services/instagramSync.ts","upsertSyncedThread","findFirst","contact","(service/worker — no direct HTTP)"
"services/instagramSync.ts","upsertSyncedThread","create","contact","(service/worker — no direct HTTP)"
"services/instagramSync.ts","upsertSyncedThread","findFirst","contact","(service/worker — no direct HTTP)"
"services/instagramSync.ts","(module)","findMany","message","(service/worker — no direct HTTP)"
"services/instagramSync.ts","(module)","create","message","(service/worker — no direct HTTP)"
"services/instagramSync.ts","(module)","update","message","(service/worker — no direct HTTP)"
"services/instagramSync.ts","(module)","update","conversation","(service/worker — no direct HTTP)"
"services/instagramSync.ts","syncInstagramConversationsForWorkspace","findMany","instagramAccount","(service/worker — no direct HTTP)"
"services/instagramWebhookHandler.ts","upsertInstagramInboundMessage","findFirst","message","(service/worker — no direct HTTP)"
"services/instagramWebhookHandler.ts","upsertInstagramInboundMessage","findFirst","contact","(service/worker — no direct HTTP)"
"services/instagramWebhookHandler.ts","upsertInstagramInboundMessage","create","contact","(service/worker — no direct HTTP)"
"services/instagramWebhookHandler.ts","upsertInstagramInboundMessage","findFirst","contact","(service/worker — no direct HTTP)"
"services/instagramWebhookHandler.ts","upsertInstagramInboundMessage","create","message","(service/worker — no direct HTTP)"
"services/instagramWebhookHandler.ts","(module)","update","message","(service/worker — no direct HTTP)"
"services/instagramWebhookHandler.ts","(module)","updateMany","conversation","(service/worker — no direct HTTP)"
"services/messagingReadReceipt.service.ts","applyMessagingReadReceipt","findFirst","message","(service/worker — no direct HTTP)"
"services/messagingReadReceipt.service.ts","applyMessagingReadReceipt","findMany","message","(service/worker — no direct HTTP)"
"services/messagingReadReceipt.service.ts","applyMessagingReadReceipt","findMany","message","(service/worker — no direct HTTP)"
"services/messagingReadReceipt.service.ts","applyMessagingReadReceipt","updateMany","message","(service/worker — no direct HTTP)"
"services/messengerConnect.ts","connectMessengerFromInstagramAccounts","findMany","instagramAccount","(service/worker — no direct HTTP)"
"services/messengerConnect.ts","connectMessengerFromInstagramAccounts","findMany","messengerAccount","(service/worker — no direct HTTP)"
"services/messengerConnect.ts","connectMessengerFromInstagramAccounts","upsert","messengerAccount","(service/worker — no direct HTTP)"
"services/messengerConnect.ts","listMessengerAccounts","findMany","messengerAccount","(service/worker — no direct HTTP)"
"services/messengerCredentials.ts","getWorkspaceMessengerCredentials","findFirst","messengerAccount","(service/worker — no direct HTTP)"
"services/messengerCredentials.ts","getWorkspaceMessengerCredentials","findFirst","messengerAccount","(service/worker — no direct HTTP)"
"services/messengerSync.ts","upsertSyncedThread","findFirst","contact","(service/worker — no direct HTTP)"
"services/messengerSync.ts","upsertSyncedThread","create","contact","(service/worker — no direct HTTP)"
"services/messengerSync.ts","upsertSyncedThread","update","contact","(service/worker — no direct HTTP)"
"services/messengerSync.ts","upsertSyncedThread","findMany","message","(service/worker — no direct HTTP)"
"services/messengerSync.ts","upsertSyncedThread","create","message","(service/worker — no direct HTTP)"
"services/messengerSync.ts","(module)","update","message","(service/worker — no direct HTTP)"
"services/messengerSync.ts","(module)","update","conversation","(service/worker — no direct HTTP)"
"services/messengerSync.ts","syncMessengerConversationsForWorkspace","findMany","messengerAccount","(service/worker — no direct HTTP)"
"services/messengerWebhookHandler.ts","upsertMessengerInboundMessage","findFirst","message","(service/worker — no direct HTTP)"
"services/messengerWebhookHandler.ts","upsertMessengerInboundMessage","findFirst","contact","(service/worker — no direct HTTP)"
"services/messengerWebhookHandler.ts","upsertMessengerInboundMessage","create","contact","(service/worker — no direct HTTP)"
"services/messengerWebhookHandler.ts","upsertMessengerInboundMessage","update","contact","(service/worker — no direct HTTP)"
"services/messengerWebhookHandler.ts","upsertMessengerInboundMessage","create","message","(service/worker — no direct HTTP)"
"services/messengerWebhookHandler.ts","upsertMessengerInboundMessage","update","message","(service/worker — no direct HTTP)"
"services/messengerWebhookHandler.ts","(module)","updateMany","conversation","(service/worker — no direct HTTP)"
"services/messengerWebhookHandler.ts","handleMessengerWebhookBody","findFirst","contact","(service/worker — no direct HTTP)"
"services/messengerWebhookHandler.ts","handleMessengerWebhookBody","findFirst","conversation","(service/worker — no direct HTTP)"
"services/metaAdsConnect.ts","connectWorkspaceMetaAds","findUnique","workspace","(service/worker — no direct HTTP)"
"services/metaAdsConnect.ts","connectWorkspaceMetaAds","update","workspace","(service/worker — no direct HTTP)"
"services/metaAdsConnect.ts","listWorkspaceMetaAdAccounts","findUnique","workspace","(service/worker — no direct HTTP)"
"services/metaAdsConnect.ts","selectWorkspaceMetaAdAccount","findUnique","workspace","(service/worker — no direct HTTP)"
"services/metaAdsConnect.ts","selectWorkspaceMetaAdAccount","update","workspace","(service/worker — no direct HTTP)"
"services/metaAdsConnect.ts","getConnectedMetaAdsAccount","findUnique","workspace","(service/worker — no direct HTTP)"
"services/metaAdsConnect.ts","fetchMetaAdCampaigns","findUnique","workspace","(service/worker — no direct HTTP)"
"services/metaAdsConnect.ts","setCampaignStatus","findUnique","workspace","(service/worker — no direct HTTP)"
"services/metaAdsConnect.ts","createCTWACampaign","findUnique","workspace","(service/worker — no direct HTTP)"
"services/metaDeauth.service.ts","purgeMetaUserChannelData","findMany","instagramAccount","(service/worker — no direct HTTP)"
"services/metaDeauth.service.ts","purgeMetaUserChannelData","findMany","messengerAccount","(service/worker — no direct HTTP)"
"services/metaDeauth.service.ts","purgeMetaUserChannelData","findMany","whatsAppPhoneAccount","(service/worker — no direct HTTP)"
"services/metaDeauth.service.ts","purgeMetaUserChannelData","findFirst","instagramAccount","(service/worker — no direct HTTP)"
"services/metaDeauth.service.ts","purgeMetaUserChannelData","deleteMany","whatsAppPhoneAccount","(service/worker — no direct HTTP)"
"services/metaDeauth.service.ts","purgeMetaUserChannelData","findMany","whatsAppPhoneAccount","(service/worker — no direct HTTP)"
"services/metaDeauth.service.ts","purgeMetaUserChannelData","update","workspace","(service/worker — no direct HTTP)"
"services/metaDeauth.service.ts","purgeMetaUserChannelData","update","workspace","(service/worker — no direct HTTP)"
"services/onboarding.ts","ensureSuperAdminOnboardingComplete","updateMany","user","(service/worker — no direct HTTP)"
"services/onboarding.ts","getOnboardingState","findUnique","user","(service/worker — no direct HTTP)"
"services/onboarding.ts","getOnboardingState","findUnique","workspace","(service/worker — no direct HTTP)"
"services/onboarding.ts","saveOnboardingStep","findUnique","user","(service/worker — no direct HTTP)"
"services/onboarding.ts","saveOnboardingStep","$transaction","$transaction","(service/worker — no direct HTTP)"
"services/onboarding.ts","saveOnboardingStep","update","user","(service/worker — no direct HTTP)"
"services/onboarding.ts","saveOnboardingStep","update","workspace","(service/worker — no direct HTTP)"
"services/onboarding.ts","completeOnboarding","update","user","(service/worker — no direct HTTP)"
"services/planUsageGuards.ts","getLimitSnapshot","findUnique","workspaceUsageLimits","(service/worker — no direct HTTP)"
"services/planUsageGuards.ts","countConnectedChannels","findUnique","workspace","(service/worker — no direct HTTP)"
"services/planUsageGuards.ts","countConnectedChannels","count","whatsAppPhoneAccount","(service/worker — no direct HTTP)"
"services/planUsageGuards.ts","countConnectedChannels","count","instagramAccount","(service/worker — no direct HTTP)"
"services/planUsageGuards.ts","countConnectedChannels","count","messengerAccount","(service/worker — no direct HTTP)"
"services/planUsageGuards.ts","assertAiAgentCreateAllowed","count","aiAgent","(service/worker — no direct HTTP)"
"services/planUsageGuards.ts","countSentEmailsThisMonth","count","emailLog","(service/worker — no direct HTTP)"
"services/platformOrganizationAdmin.ts","suspendWorkspace","findUnique","workspace","(service/worker — no direct HTTP)"
"services/platformOrganizationAdmin.ts","suspendWorkspace","update","workspace","(service/worker — no direct HTTP)"
"services/platformOrganizationAdmin.ts","reactivateWorkspace","findUnique","workspace","(service/worker — no direct HTTP)"
"services/platformOrganizationAdmin.ts","updateWorkspaceLimits","findUnique","workspace","(service/worker — no direct HTTP)"
"services/platformOrganizationAdmin.ts","updateWorkspaceLimits","upsert","workspaceUsageLimits","(service/worker — no direct HTTP)"
"services/platformOrganizationAdmin.ts","setWorkspaceAgentEnabled","findFirst","aiAgent","(service/worker — no direct HTTP)"
"services/platformOrganizationAdmin.ts","setWorkspaceAgentEnabled","update","aiAgent","(service/worker — no direct HTTP)"
"services/platformOrganizationAdmin.ts","getWorkspaceAuditTrail","findUnique","workspace","(service/worker — no direct HTTP)"
"services/platformOrganizationAdmin.ts","getWorkspaceAuditTrail","findMany","trialExtensionLog","(service/worker — no direct HTTP)"
"services/platformOrganizationAdmin.ts","createWorkspaceImpersonationSession","findUnique","workspace","(service/worker — no direct HTTP)"
"services/platformOrganizationAdmin.ts","createWorkspaceImpersonationSession","findUnique","user","(service/worker — no direct HTTP)"
"services/platformOrganizations.ts","loadLatestCustomPlanInvoices","findMany","billingInvoice","(service/worker — no direct HTTP)"
"services/platformOrganizations.ts","getPlatformOrganizationStats","count","workspace","(service/worker — no direct HTTP)"
"services/platformOrganizations.ts","getPlatformOrganizationStats","findMany","workspace","(service/worker — no direct HTTP)"
"services/platformOrganizations.ts","getPlatformOrganizationStats","findMany","workspace","(service/worker — no direct HTTP)"
"services/platformOrganizations.ts","getPlatformOrganizationById","findUnique","workspace","(service/worker — no direct HTTP)"
"services/platformOrganizations.ts","loadWorkspaceOperations","findUnique","workspace","(service/worker — no direct HTTP)"
"services/platformOrganizations.ts","loadWorkspaceOperations","findMany","whatsAppPhoneAccount","(service/worker — no direct HTTP)"
"services/platformOrganizations.ts","loadWorkspaceOperations","findMany","instagramAccount","(service/worker — no direct HTTP)"
"services/platformOrganizations.ts","loadWorkspaceOperations","findMany","messengerAccount","(service/worker — no direct HTTP)"
"services/platformOrganizations.ts","loadWorkspaceOperations","findMany","googleConnection","(service/worker — no direct HTTP)"
"services/platformOrganizations.ts","loadWorkspaceOperations","findMany","template","(service/worker — no direct HTTP)"
"services/platformOrganizations.ts","loadWorkspaceOperations","findMany","campaign","(service/worker — no direct HTTP)"
"services/platformOrganizations.ts","(module)","findMany","journey","(service/worker — no direct HTTP)"
"services/platformOrganizations.ts","(module)","findMany","aiAgent","(service/worker — no direct HTTP)"
"services/platformOrganizations.ts","(module)","count","template","(service/worker — no direct HTTP)"
"services/platformOrganizations.ts","(module)","count","template","(service/worker — no direct HTTP)"
"services/platformOrganizations.ts","(module)","groupBy","campaign","(service/worker — no direct HTTP)"
"services/platformOrganizations.ts","(module)","groupBy","journey","(service/worker — no direct HTTP)"
"services/platformOrganizations.ts","(module)","findUnique","workspaceUsageLimits","(service/worker — no direct HTTP)"
"services/platformOrganizations.ts","loadOrganizationDetail","findUnique","workspace","(service/worker — no direct HTTP)"
"services/platformOrganizations.ts","loadOrganizationDetail","findMany","billingInvoice","(service/worker — no direct HTTP)"
"services/platformOrganizations.ts","loadOrganizationDetail","findUnique","workspaceUsageLimits","(service/worker — no direct HTTP)"
"services/platformOrganizations.ts","loadOrganizationDetail","findMany","trialExtensionLog","(service/worker — no direct HTTP)"
"services/platformOrganizations.ts","loadOrganizationDetail","findFirst","billingSubscription","(service/worker — no direct HTTP)"
"services/platformOrganizations.ts","loadOrganizationDetail","findMany","campaign","(service/worker — no direct HTTP)"
"services/platformOrganizations.ts","getPlatformOrganizationUsageCost","findUnique","workspace","(service/worker — no direct HTTP)"
"services/platformOrganizations.ts","getPlatformOrganizationUsageCost","findFirst","billingSubscription","(service/worker — no direct HTTP)"
"services/platformOrganizations.ts","listPlatformOrganizations","count","workspace","(service/worker — no direct HTTP)"
"services/platformOrganizations.ts","listPlatformOrganizations","findMany","workspace","(service/worker — no direct HTTP)"
"services/platformSettings.service.ts","getPlatformConfig","findUnique","platformConfig","(service/worker — no direct HTTP)"
"services/platformSettings.service.ts","getPlatformConfig","create","platformConfig","(service/worker — no direct HTTP)"
"services/platformSettings.service.ts","updatePlatformConfig","upsert","platformConfig","(service/worker — no direct HTTP)"
"services/platformSettings.service.ts","listPlatformMessageTemplates","findMany","platformMessageTemplate","(service/worker — no direct HTTP)"
"services/platformSettings.service.ts","createPlatformMessageTemplate","create","platformMessageTemplate","(service/worker — no direct HTTP)"
"services/platformSettings.service.ts","updatePlatformMessageTemplate","update","platformMessageTemplate","(service/worker — no direct HTTP)"
"services/platformSettings.service.ts","deletePlatformMessageTemplate","delete","platformMessageTemplate","(service/worker — no direct HTTP)"
"services/razorpayCustomer.service.ts","getWorkspaceRazorpayContact","findUnique","workspace","(service/worker — no direct HTTP)"
"services/razorpayCustomer.service.ts","ensureRazorpayCustomer","update","workspace","(service/worker — no direct HTTP)"
"services/razorpayCustomer.service.ts","saveWalletPaymentCredentials","update","workspace","(service/worker — no direct HTTP)"
"services/razorpayCustomer.service.ts","saveWalletPaymentCredentials","upsert","workspaceWallet","(service/worker — no direct HTTP)"
"services/razorpayCustomer.service.ts","syncRazorpayTokenForWorkspace","findUnique","workspace","(service/worker — no direct HTTP)"
"services/razorpayCustomer.service.ts","enableWalletAutoRecharge","upsert","workspaceWallet","(service/worker — no direct HTTP)"
"services/razorpayPlanSync.ts","syncRazorpayPlanIds","findMany","subscriptionPlan","(service/worker — no direct HTTP)"
"services/razorpayPlanSync.ts","syncRazorpayPlanIds","update","subscriptionPlan","(service/worker — no direct HTTP)"
"services/ruleBasedFlowEngine.ts","persistOutboundMessage","create","message","(service/worker — no direct HTTP)"
"services/ruleBasedFlowEngine.ts","persistOutboundMessage","updateMany","conversation","(service/worker — no direct HTTP)"
"services/ruleBasedFlowEngine.ts","applyAddTags","update","contact","(service/worker — no direct HTTP)"
"services/ruleBasedFlowEngine.ts","runFlowFromIndex","findUnique","contact","(service/worker — no direct HTTP)"
"services/ruleBasedFlowEngine.ts","runFlowFromIndex","updateMany","conversation","(service/worker — no direct HTTP)"
"services/ruleBasedFlowEngine.ts","(module)","update","agentFlowSession","(service/worker — no direct HTTP)"
"services/ruleBasedFlowEngine.ts","findMatchingAgent","findMany","aiAgent","(service/worker — no direct HTTP)"
"services/ruleBasedFlowEngine.ts","loadForcedAgent","findFirst","aiAgent","(service/worker — no direct HTTP)"
"services/ruleBasedFlowEngine.ts","processRuleBasedFlowInbound","findFirst","conversation","(service/worker — no direct HTTP)"
"services/ruleBasedFlowEngine.ts","processRuleBasedFlowInbound","findUnique","agentFlowSession","(service/worker — no direct HTTP)"
"services/ruleBasedFlowEngine.ts","processRuleBasedFlowInbound","update","agentFlowSession","(service/worker — no direct HTTP)"
"services/ruleBasedFlowEngine.ts","processRuleBasedFlowInbound","update","agentFlowSession","(service/worker — no direct HTTP)"
"services/ruleBasedFlowEngine.ts","(module)","create","agentFlowSession","(service/worker — no direct HTTP)"
"services/ruleBasedFlowEngine.ts","(module)","updateMany","aiAgent","(service/worker — no direct HTTP)"
"services/subscriptionPlans.ts","seedSubscriptionPlans","upsert","subscriptionPlan","(service/worker — no direct HTTP)"
"services/subscriptionPlans.ts","detachPlansFromTrialWorkspaces","updateMany","workspace","(service/worker — no direct HTTP)"
"services/subscriptionPlans.ts","listSubscriptionPlans","findMany","subscriptionPlan","(service/worker — no direct HTTP)"
"services/subscriptionPlans.ts","getSubscriptionPlanBySlug","findUnique","subscriptionPlan","(service/worker — no direct HTTP)"
"services/subscriptionPlans.ts","backfillWorkspaceUsageLimitsFromPlans","findMany","workspace","(service/worker — no direct HTTP)"
"services/subscriptionPlans.ts","backfillWorkspaceUsageLimitsFromPlans","upsert","workspaceUsageLimits","(service/worker — no direct HTTP)"
"services/superAdminWorkspace.ts","getSuperAdminWorkspaceSnapshot","findUnique","workspace","(service/worker — no direct HTTP)"
"services/trial.ts","expireTrialIfNeeded","findUnique","workspace","(service/worker — no direct HTTP)"
"services/trial.ts","expireTrialIfNeeded","update","workspace","(service/worker — no direct HTTP)"
"services/trial.ts","expireDueTrials","updateMany","workspace","(service/worker — no direct HTTP)"
"services/trial.ts","extendWorkspaceTrial","findUnique","workspace","(service/worker — no direct HTTP)"
"services/trial.ts","extendWorkspaceTrial","$transaction","$transaction","(service/worker — no direct HTTP)"
"services/trial.ts","extendWorkspaceTrial","update","workspace","(service/worker — no direct HTTP)"
"services/trial.ts","extendWorkspaceTrial","create","trialExtensionLog","(service/worker — no direct HTTP)"
"services/trial.ts","activateWorkspaceSubscription","findUnique","workspace","(service/worker — no direct HTTP)"
"services/trial.ts","activateWorkspaceSubscription","update","workspace","(service/worker — no direct HTTP)"
"services/trial.ts","backfillWorkspaceTrials","findMany","workspace","(service/worker — no direct HTTP)"
"services/trial.ts","backfillWorkspaceTrials","update","workspace","(service/worker — no direct HTTP)"
"services/url-fetch.service.ts","fetchUrlKnowledge","create","aiAgentKnowledgeItem","(service/worker — no direct HTTP)"
"services/url-fetch.service.ts","fetchUrlKnowledge","findFirst","aiAgentKnowledgeItem","(service/worker — no direct HTTP)"
"services/url-fetch.service.ts","fetchUrlKnowledge","create","aiAgentKnowledgeItem","(service/worker — no direct HTTP)"
"services/usageCost.service.ts","getWorkspaceUsageCost","findUnique","workspace","(service/worker — no direct HTTP)"
"services/usageCost.service.ts","getWorkspaceUsageCost","findMany","message","(service/worker — no direct HTTP)"
"services/usageCost.service.ts","getWorkspaceUsageCost","count","emailLog","(service/worker — no direct HTTP)"
"services/usageCost.service.ts","getWorkspaceUsageCost","findMany","template","(service/worker — no direct HTTP)"
"services/usageCost.service.ts","getWorkspaceUsageCost","findMany","aiAgent","(service/worker — no direct HTTP)"
"services/userProfile.ts","updateUserProfile","update","user","(service/worker — no direct HTTP)"
"services/userProfile.ts","updateUserAvatar","update","user","(service/worker — no direct HTTP)"
"services/userProfile.ts","changeUserPassword","findUnique","user","(service/worker — no direct HTTP)"
"services/userProfile.ts","changeUserPassword","update","user","(service/worker — no direct HTTP)"
"services/userSecurity.ts","ensureUserSecurityState","upsert","userSecurityState","(auth tokenVersion)"
"services/userSecurity.ts","bumpTokenVersion","update","userSecurityState","(auth tokenVersion)"
"services/wallet.service.ts","getWalletMonthSpentPaise","aggregate","walletTransaction","(service/worker — no direct HTTP)"
"services/wallet.service.ts","updateWalletSettings","findUnique","workspaceWallet","(service/worker — no direct HTTP)"
"services/wallet.service.ts","updateWalletSettings","update","workspaceWallet","(service/worker — no direct HTTP)"
"services/wallet.service.ts","run","$transaction","$transaction","(service/worker — no direct HTTP)"
"services/wallet.service.ts","run","$transaction","$transaction","(service/worker — no direct HTTP)"
"services/wallet.service.ts","listWalletTransactions","findMany","walletTransaction","(service/worker — no direct HTTP)"
"services/walletAutoRecharge.service.ts","scheduleWalletAutoRecharge","findUnique","workspaceWallet","(service/worker — no direct HTTP)"
"services/walletAutoRecharge.service.ts","processWalletAutoRecharge","update","workspaceWallet","(service/worker — no direct HTTP)"
"services/walletAutoRecharge.service.ts","processWalletAutoRecharge","updateMany","workspaceWallet","(service/worker — no direct HTTP)"
"services/walletAutoRecharge.service.ts","processWalletAutoRecharge","create","billingInvoice","(service/worker — no direct HTTP)"
"services/walletAutoRecharge.service.ts","processWalletAutoRecharge","$transaction","$transaction","(service/worker — no direct HTTP)"
"services/walletAutoRecharge.service.ts","processWalletAutoRecharge","update","billingInvoice","(service/worker — no direct HTTP)"
"services/walletAutoRecharge.service.ts","processWalletAutoRecharge","update","workspaceWallet","(service/worker — no direct HTTP)"
"services/walletAutoRecharge.service.ts","(module)","update","workspaceWallet","(service/worker — no direct HTTP)"
"services/walletAutoRecharge.service.ts","(module)","update","workspaceWallet","(service/worker — no direct HTTP)"
"services/walletAutoRecharge.service.ts","scanLowBalanceAutoRechargeWallets","findMany","workspaceWallet","(service/worker — no direct HTTP)"
"services/walletAutoRecharge.service.ts","completeWalletAutoRechargeFromWebhook","$transaction","$transaction","(service/worker — no direct HTTP)"
"services/walletAutoRecharge.service.ts","completeWalletAutoRechargeFromWebhook","findFirst","billingInvoice","(service/worker — no direct HTTP)"
"services/walletAutoRecharge.service.ts","completeWalletAutoRechargeFromWebhook","update","billingInvoice","(service/worker — no direct HTTP)"
"services/walletAutoRecharge.service.ts","completeWalletAutoRechargeFromWebhook","update","workspaceWallet","(service/worker — no direct HTTP)"
"services/whatsappAccounts.ts","ensureWhatsAppAccountsMigrated","count","whatsAppPhoneAccount","(service/worker — no direct HTTP)"
"services/whatsappAccounts.ts","ensureWhatsAppAccountsMigrated","findUnique","workspace","(service/worker — no direct HTTP)"
"services/whatsappAccounts.ts","ensureWhatsAppAccountsMigrated","create","whatsAppPhoneAccount","(service/worker — no direct HTTP)"
"services/whatsappAccounts.ts","listWhatsAppAccounts","findMany","whatsAppPhoneAccount","(service/worker — no direct HTTP)"
"services/whatsappCoexistenceWebhook.ts","handleSmbMessageEchoes","findFirst","message","(service/worker — no direct HTTP)"
"services/whatsappCoexistenceWebhook.ts","handleSmbMessageEchoes","create","message","(service/worker — no direct HTTP)"
"services/whatsappCoexistenceWebhook.ts","handleSmbMessageEchoes","update","message","(service/worker — no direct HTTP)"
"services/whatsappCoexistenceWebhook.ts","(module)","updateMany","conversation","(service/worker — no direct HTTP)"
"services/whatsappConnect.ts","connectWorkspaceWhatsApp","deleteMany","whatsAppPhoneAccount","(service/worker — no direct HTTP)"
"services/whatsappConnect.ts","connectWorkspaceWhatsApp","findUnique","whatsAppPhoneAccount","(service/worker — no direct HTTP)"
"services/whatsappConnect.ts","(module)","upsert","whatsAppPhoneAccount","(service/worker — no direct HTTP)"
"services/whatsappConnect.ts","(module)","update","workspace","(service/worker — no direct HTTP)"
"services/whatsappCredentials.ts","getWorkspaceWhatsAppCredentials","findUnique","workspace","(service/worker — no direct HTTP)"
"services/whatsappCredentials.ts","getWorkspaceWhatsAppCredentials","findFirst","whatsAppPhoneAccount","(service/worker — no direct HTTP)"
"services/whatsappCredentials.ts","getWorkspaceWhatsAppCredentials","findFirst","whatsAppPhoneAccount","(service/worker — no direct HTTP)"
"services/whatsappDisconnectCleanup.service.ts","purgeWhatsAppPhoneAccountData","count","whatsAppPhoneAccount","(service/worker — no direct HTTP)"
"services/whatsappPay.service.ts","templateButtonUrlParameter","findMany","whatsAppPaymentRequest","(service/worker — no direct HTTP)"
"services/whatsappPay.service.ts","templateButtonUrlParameter","findMany","whatsAppPaymentRequest","(service/worker — no direct HTTP)"
"services/whatsappPay.service.ts","templateButtonUrlParameter","findFirst","contact","(service/worker — no direct HTTP)"
"services/whatsappPay.service.ts","(module)","findFirst","template","(service/worker — no direct HTTP)"
"services/whatsappPay.service.ts","(module)","create","whatsAppPaymentRequest","(service/worker — no direct HTTP)"
"services/whatsappPay.service.ts","(module)","findFirst","whatsAppPaymentRequest","(service/worker — no direct HTTP)"
"services/whatsappPay.service.ts","(module)","findFirst","template","(service/worker — no direct HTTP)"
"services/whatsappPay.service.ts","(module)","findFirst","contact","(service/worker — no direct HTTP)"
"services/whatsappPay.service.ts","(module)","update","whatsAppPaymentRequest","(service/worker — no direct HTTP)"
"services/whatsappPay.service.ts","(module)","create","message","(service/worker — no direct HTTP)"
"services/whatsappPay.service.ts","(module)","update","conversation","(service/worker — no direct HTTP)"
"services/whatsappPay.service.ts","(module)","update","whatsAppPaymentRequest","(service/worker — no direct HTTP)"
"services/whatsappPay.service.ts","(module)","findFirst","whatsAppPaymentRequest","(service/worker — no direct HTTP)"
"services/whatsappPay.service.ts","(module)","update","whatsAppPaymentRequest","(service/worker — no direct HTTP)"
"services/whatsappPay.service.ts","(module)","findFirst","whatsAppPaymentRequest","(service/worker — no direct HTTP)"
"services/whatsappPay.service.ts","(module)","update","whatsAppPaymentRequest","(service/worker — no direct HTTP)"
"services/whatsappPay.service.ts","entity","findFirst","whatsAppPaymentRequest","(service/worker — no direct HTTP)"
"services/whatsappPay.service.ts","paymentEntity","update","whatsAppPaymentRequest","(service/worker — no direct HTTP)"
"services/workspaceMemberAdmin.ts","resolveMembershipAccess","findUnique","workspaceMembership","(service/worker — no direct HTTP)"
"services/workspaceMemberAdmin.ts","assertTeamSeatAvailable","count","workspaceMembership","(service/worker — no direct HTTP)"
"services/workspaceMemberAdmin.ts","countWorkspaceAdmins","count","workspaceMembership","(service/worker — no direct HTTP)"
"services/workspaceMemberAdmin.ts","getWorkspaceOwnerUserId","findFirst","user","(service/worker — no direct HTTP)"
"services/workspaceMemberAdmin.ts","listWorkspaceMembersFormatted","findMany","workspaceMembership","(service/worker — no direct HTTP)"
"services/workspaceMemberAdmin.ts","addWorkspaceMember","findUnique","user","(service/worker — no direct HTTP)"
"services/workspaceMemberAdmin.ts","addWorkspaceMember","findUnique","workspaceMembership","(service/worker — no direct HTTP)"
"services/workspaceMemberAdmin.ts","addWorkspaceMember","create","workspaceMembership","(service/worker — no direct HTTP)"
"services/workspaceMemberAdmin.ts","addWorkspaceMember","create","user","(service/worker — no direct HTTP)"
"services/workspaceMemberAdmin.ts","updateWorkspaceMember","findFirst","workspaceMembership","(service/worker — no direct HTTP)"
"services/workspaceMemberAdmin.ts","updateWorkspaceMember","update","workspaceMembership","(service/worker — no direct HTTP)"
"services/workspaceMemberAdmin.ts","updateWorkspaceMember","update","user","(service/worker — no direct HTTP)"
"services/workspaceMemberAdmin.ts","removeWorkspaceMember","findFirst","workspaceMembership","(service/worker — no direct HTTP)"
"services/workspaceMemberAdmin.ts","removeWorkspaceMember","count","conversation","(service/worker — no direct HTTP)"
"services/workspaceMemberAdmin.ts","removeWorkspaceMember","updateMany","conversation","(service/worker — no direct HTTP)"
"services/workspaceMemberAdmin.ts","removeWorkspaceMember","delete","workspaceMembership","(service/worker — no direct HTTP)"
"services/workspaceMembers.ts","listWorkspaceMemberUsers","findMany","workspaceMembership","(service/worker — no direct HTTP)"
"services/workspaceMembers.ts","listWorkspaceMemberUsers","count","conversation","(service/worker — no direct HTTP)"
"services/workspaceMembers.ts","isWorkspaceMember","findUnique","workspaceMembership","(service/worker — no direct HTTP)"
"services/workspaceMembership.ts","ensureUserMemberships","findUnique","user","(service/worker — no direct HTTP)"
"services/workspaceMembership.ts","ensureUserMemberships","count","workspaceMembership","(service/worker — no direct HTTP)"
"services/workspaceMembership.ts","ensureUserMemberships","create","workspaceMembership","(service/worker — no direct HTTP)"
"services/workspaceMembership.ts","listUserWorkspaces","findMany","workspaceMembership","(service/worker — no direct HTTP)"
"services/workspaceMembership.ts","userHasWorkspaceAccess","findUnique","workspaceMembership","(service/worker — no direct HTTP)"
"services/workspaceResolve.ts","resolveWorkspaceByPhoneNumberId","findMany","whatsAppPhoneAccount","(service/worker — no direct HTTP)"
"services/workspaceResolve.ts","resolveWorkspaceByPhoneNumberId","findFirst","workspace","(service/worker — no direct HTTP)"
"services/workspaceResolve.ts","findInstagramAccountByEntryId","findFirst","instagramAccount","(service/worker — no direct HTTP)"
"services/workspaceResolve.ts","findMessengerAccountByPageId","findFirst","messengerAccount","(service/worker — no direct HTTP)"
"services/workspaceTokenUsage.ts","resolveWorkspaceBillingMode","findUnique","workspaceAiProviderConfig","(service/worker — no direct HTTP)"
"services/workspaceTokenUsage.ts","recordWorkspaceTokenUsage","create","tokenUsageLog","(service/worker — no direct HTTP)"
"services/workspaceTokenUsage.ts","recordWorkspaceTokenUsage","findUnique","agentChatConversation","(service/worker — no direct HTTP)"
"services/workspaceTokenUsage.ts","recordWorkspaceTokenUsage","update","agentChatConversation","(service/worker — no direct HTTP)"
"services/workspaceTokenUsage.ts","getWorkspaceTokenUsageBreakdown","findMany","tokenUsageLog","(service/worker — no direct HTTP)"
"services/workspaceTokenUsage.ts","getWorkspaceMonthlyTokenUsage","aggregate","tokenUsageLog","(service/worker — no direct HTTP)"